case_id,topic,scenario,court_level,text,decision,is_synthetic
SYN_LAB_0001,labour_rights,wrongful_termination,District Court,"Synthetic Case: A tea garden supervisor with continuous service for over 240 days in a calendar year was orally discharged without written notice, prior inquiry, or retrenchment compensation mandated under Section 25F of the Industrial Disputes Act. Management alleged performance issues without holding a domestic inquiry. District Court examined muster rolls and pay slips, holding the termination illegal and directing statutory relief. Ruling: Accepted.",Accepted,True
SYN_LAB_0002,labour_rights,unpaid_wages,High Court,Synthetic Case: Group of rural workers deployed at a processing facility petitioned for 5 months of accrued unpaid wages. The employer claimed financial distress and crop yield loss justified delayed disbursements. High Court affirmed that statutory minimum wage obligations under the Payment of Wages framework cannot be deferred or contingent on commercial profitability. Ruling: Rejected.,Rejected,True
SYN_LAB_0003,labour_rights,casual_labor_regularization,Supreme Court,Synthetic Case: Daily-wage workers engaged continuously for over 8 years against sanctioned public works vacancies sought absorption into regular cadre. State authorities argued the initial recruitment lacked formal selection process. Supreme Court evaluated unbroken service records and directed consideration for regularization under applicable public employment policies. Ruling: Partial.,Partial,True
SYN_LAB_0004,labour_rights,workplace_injury_compensation,District Court,"Synthetic Case: A plantation laborer suffered severe partial disability due to an unshielded machine unit at a rural plant. Management offered minor ex-gratia assistance while denying statutory liability under the Employee's Compensation Act. District Court evaluated medical disability certificates and loss of earning capacity, ordering full statutory compensation. Ruling: Accepted.",Accepted,True
SYN_LAB_0005,labour_rights,pf_gratuity_denial,High Court,Synthetic Case: Retired seasonal employee denied terminal gratuity benefits on grounds that seasonal employment interrupted continuous service requirements. High Court held that seasonal engagements meeting statutory minimum operational days satisfy the threshold under the Payment of Gratuity Act. Ruling: Rejected.,Rejected,True
SYN_LAB_0006,labour_rights,maternity_benefit_denial,Supreme Court,Synthetic Case: Contractual female brick kiln loader was denied 26 weeks paid maternity leave and subsequently terminated upon applying for leave. Employer relied on private contract terms excluding statutory maternity benefits. Supreme Court ruled that statutory entitlements under the Maternity Benefit Act override private contractual restrictions. Ruling: Partial.,Partial,True
SYN_LAB_0007,labour_rights,minimum_wage_violation,District Court,"Synthetic Case: Agricultural laborers demonstrated that cash wages paid by a commercial farm were lower than state-notified minimum wage rates, with unnotified deductions made for basic shelter. District Court prohibited unnotified wage deductions and directed back-pay calculation based on official minimum wage notifications. Ruling: Accepted.",Accepted,True
SYN_LAB_0008,labour_rights,contract_vs_permanent_dispute,High Court,"Synthetic Case: Assembly line workers engaged via an intermediary labor contractor performed core operational tasks alongside permanent workers for half pay. High Court found the contract labor arrangement to be a sham mechanism designed to evade equal pay mandates, directing parity in remuneration. Ruling: Rejected.",Rejected,True
SYN_LAB_0009,labour_rights,migrant_bonded_labor_exploitation,Supreme Court,"Synthetic Case: Inter-state migrant laborers detained at a brick kiln due to alleged advance debt obligations filed for relief under the Bonded Labour System (Abolition) Act. Supreme Court directed immediate release, cancellation of alleged debts, and state rehabilitation assistance. Ruling: Partial.",Partial,True
SYN_LAB_0010,labour_rights,overtime_wage_denial,District Court,Synthetic Case: Factory workers required to work 12-hour daily shifts without overtime payment petitioned under factories welfare rules. District Court verified shift logbooks and ordered payment of double-rate statutory overtime wages. Ruling: Accepted.,Accepted,True
SYN_LAB_0011,labour_rights,illegal_lockout_closure,High Court,Synthetic Case: Industrial unit management instituted sudden site closure without serving 60 days prior statutory notice to the labor commissioner. High Court declared the lockout illegal and awarded full wage continuity during the closure period. Ruling: Rejected.,Rejected,True
SYN_LAB_0012,labour_rights,trade_union_victimization,Supreme Court,Synthetic Case: Union office-bearers were target-transferred to remote sites immediately following the submission of a collective bargaining charter. Supreme Court held the transfers to be unfair labor practice intended to suppress union activities and issued stay orders. Ruling: Partial.,Partial,True
SYN_LAB_0013,labour_rights,apprentice_exploitation,District Court,Synthetic Case: Trainees engaged under apprentice designations were deployed on core production machinery for over 3 years without formal training or stipend adjustment. District Court recognized them as regular workmen entitled to statutory wage scales. Ruling: Accepted.,Accepted,True
SYN_LAB_0014,labour_rights,occupational_health_safety_violation,High Court,"Synthetic Case: Quarry miners exposed to toxic dust petitioned regarding lack of personal protective equipment and regular health check-ups mandated under mines safety regulations. High Court ordered immediate safety compliance, medical monitoring, and compensation for affected workers. Ruling: Rejected.",Rejected,True
SYN_LAB_0015,labour_rights,wrongful_termination,Supreme Court,"Synthetic Case: A primary health worker with continuous service for over 240 days in a calendar year was orally discharged without written notice, prior inquiry, or retrenchment compensation mandated under Section 25F of the Industrial Disputes Act. Management alleged performance issues without holding a domestic inquiry. Supreme Court examined muster rolls and pay slips, holding the termination illegal and directing statutory relief. Ruling: Partial.",Partial,True
SYN_LAB_0016,labour_rights,unpaid_wages,District Court,Synthetic Case: Group of rural workers deployed at a processing facility petitioned for 5 months of accrued unpaid wages. The employer claimed financial distress and crop yield loss justified delayed disbursements. District Court affirmed that statutory minimum wage obligations under the Payment of Wages framework cannot be deferred or contingent on commercial profitability. Ruling: Accepted.,Accepted,True
SYN_LAB_0017,labour_rights,casual_labor_regularization,High Court,Synthetic Case: Daily-wage workers engaged continuously for over 8 years against sanctioned public works vacancies sought absorption into regular cadre. State authorities argued the initial recruitment lacked formal selection process. High Court evaluated unbroken service records and directed consideration for regularization under applicable public employment policies. Ruling: Rejected.,Rejected,True
SYN_LAB_0018,labour_rights,workplace_injury_compensation,Supreme Court,"Synthetic Case: A primary health worker suffered severe partial disability due to an unshielded machine unit at a rural plant. Management offered minor ex-gratia assistance while denying statutory liability under the Employee's Compensation Act. Supreme Court evaluated medical disability certificates and loss of earning capacity, ordering full statutory compensation. Ruling: Partial.",Partial,True
SYN_LAB_0019,labour_rights,pf_gratuity_denial,District Court,Synthetic Case: Retired seasonal employee denied terminal gratuity benefits on grounds that seasonal employment interrupted continuous service requirements. District Court held that seasonal engagements meeting statutory minimum operational days satisfy the threshold under the Payment of Gratuity Act. Ruling: Accepted.,Accepted,True
SYN_LAB_0020,labour_rights,maternity_benefit_denial,High Court,Synthetic Case: Contractual female tea garden supervisor was denied 26 weeks paid maternity leave and subsequently terminated upon applying for leave. Employer relied on private contract terms excluding statutory maternity benefits. High Court ruled that statutory entitlements under the Maternity Benefit Act override private contractual restrictions. Ruling: Rejected.,Rejected,True
SYN_LAB_0021,labour_rights,minimum_wage_violation,Supreme Court,"Synthetic Case: Agricultural laborers demonstrated that cash wages paid by a commercial farm were lower than state-notified minimum wage rates, with unnotified deductions made for basic shelter. Supreme Court prohibited unnotified wage deductions and directed back-pay calculation based on official minimum wage notifications. Ruling: Partial.",Partial,True
SYN_LAB_0022,labour_rights,contract_vs_permanent_dispute,District Court,"Synthetic Case: Assembly line workers engaged via an intermediary labor contractor performed core operational tasks alongside permanent workers for half pay. District Court found the contract labor arrangement to be a sham mechanism designed to evade equal pay mandates, directing parity in remuneration. Ruling: Accepted.",Accepted,True
SYN_LAB_0023,labour_rights,migrant_bonded_labor_exploitation,High Court,"Synthetic Case: Inter-state migrant laborers detained at a brick kiln due to alleged advance debt obligations filed for relief under the Bonded Labour System (Abolition) Act. High Court directed immediate release, cancellation of alleged debts, and state rehabilitation assistance. Ruling: Rejected.",Rejected,True
SYN_LAB_0024,labour_rights,overtime_wage_denial,Supreme Court,Synthetic Case: Factory workers required to work 12-hour daily shifts without overtime payment petitioned under factories welfare rules. Supreme Court verified shift logbooks and ordered payment of double-rate statutory overtime wages. Ruling: Partial.,Partial,True
SYN_LAB_0025,labour_rights,illegal_lockout_closure,District Court,Synthetic Case: Industrial unit management instituted sudden site closure without serving 60 days prior statutory notice to the labor commissioner. District Court declared the lockout illegal and awarded full wage continuity during the closure period. Ruling: Accepted.,Accepted,True
SYN_LAB_0026,labour_rights,trade_union_victimization,High Court,Synthetic Case: Union office-bearers were target-transferred to remote sites immediately following the submission of a collective bargaining charter. High Court held the transfers to be unfair labor practice intended to suppress union activities and issued stay orders. Ruling: Rejected.,Rejected,True
SYN_LAB_0027,labour_rights,apprentice_exploitation,Supreme Court,Synthetic Case: Trainees engaged under apprentice designations were deployed on core production machinery for over 3 years without formal training or stipend adjustment. Supreme Court recognized them as regular workmen entitled to statutory wage scales. Ruling: Partial.,Partial,True
SYN_LAB_0028,labour_rights,occupational_health_safety_violation,District Court,"Synthetic Case: Quarry miners exposed to toxic dust petitioned regarding lack of personal protective equipment and regular health check-ups mandated under mines safety regulations. District Court ordered immediate safety compliance, medical monitoring, and compensation for affected workers. Ruling: Accepted.",Accepted,True
SYN_LAB_0029,labour_rights,wrongful_termination,High Court,"Synthetic Case: A electrical maintenance assistant with continuous service for over 240 days in a calendar year was orally discharged without written notice, prior inquiry, or retrenchment compensation mandated under Section 25F of the Industrial Disputes Act. Management alleged performance issues without holding a domestic inquiry. High Court examined muster rolls and pay slips, holding the termination illegal and directing statutory relief. Ruling: Rejected.",Rejected,True
SYN_LAB_0030,labour_rights,unpaid_wages,Supreme Court,Synthetic Case: Group of rural workers deployed at a processing facility petitioned for 5 months of accrued unpaid wages. The employer claimed financial distress and crop yield loss justified delayed disbursements. Supreme Court affirmed that statutory minimum wage obligations under the Payment of Wages framework cannot be deferred or contingent on commercial profitability. Ruling: Partial.,Partial,True
SYN_LAB_0031,labour_rights,casual_labor_regularization,District Court,Synthetic Case: Daily-wage workers engaged continuously for over 8 years against sanctioned public works vacancies sought absorption into regular cadre. State authorities argued the initial recruitment lacked formal selection process. District Court evaluated unbroken service records and directed consideration for regularization under applicable public employment policies. Ruling: Accepted.,Accepted,True
SYN_LAB_0032,labour_rights,workplace_injury_compensation,High Court,"Synthetic Case: A construction mason suffered severe partial disability due to an unshielded machine unit at a rural plant. Management offered minor ex-gratia assistance while denying statutory liability under the Employee's Compensation Act. High Court evaluated medical disability certificates and loss of earning capacity, ordering full statutory compensation. Ruling: Rejected.",Rejected,True
SYN_LAB_0033,labour_rights,pf_gratuity_denial,Supreme Court,Synthetic Case: Retired seasonal employee denied terminal gratuity benefits on grounds that seasonal employment interrupted continuous service requirements. Supreme Court held that seasonal engagements meeting statutory minimum operational days satisfy the threshold under the Payment of Gratuity Act. Ruling: Partial.,Partial,True
SYN_LAB_0034,labour_rights,maternity_benefit_denial,District Court,Synthetic Case: Contractual female handloom worker was denied 26 weeks paid maternity leave and subsequently terminated upon applying for leave. Employer relied on private contract terms excluding statutory maternity benefits. District Court ruled that statutory entitlements under the Maternity Benefit Act override private contractual restrictions. Ruling: Accepted.,Accepted,True
SYN_LAB_0035,labour_rights,minimum_wage_violation,High Court,"Synthetic Case: Agricultural laborers demonstrated that cash wages paid by a commercial farm were lower than state-notified minimum wage rates, with unnotified deductions made for basic shelter. High Court prohibited unnotified wage deductions and directed back-pay calculation based on official minimum wage notifications. Ruling: Rejected.",Rejected,True
SYN_LAB_0036,labour_rights,contract_vs_permanent_dispute,Supreme Court,"Synthetic Case: Assembly line workers engaged via an intermediary labor contractor performed core operational tasks alongside permanent workers for half pay. Supreme Court found the contract labor arrangement to be a sham mechanism designed to evade equal pay mandates, directing parity in remuneration. Ruling: Partial.",Partial,True
SYN_LAB_0037,labour_rights,migrant_bonded_labor_exploitation,District Court,"Synthetic Case: Inter-state migrant laborers detained at a brick kiln due to alleged advance debt obligations filed for relief under the Bonded Labour System (Abolition) Act. District Court directed immediate release, cancellation of alleged debts, and state rehabilitation assistance. Ruling: Accepted.",Accepted,True
SYN_LAB_0038,labour_rights,overtime_wage_denial,High Court,Synthetic Case: Factory workers required to work 12-hour daily shifts without overtime payment petitioned under factories welfare rules. High Court verified shift logbooks and ordered payment of double-rate statutory overtime wages. Ruling: Rejected.,Rejected,True
SYN_LAB_0039,labour_rights,illegal_lockout_closure,Supreme Court,Synthetic Case: Industrial unit management instituted sudden site closure without serving 60 days prior statutory notice to the labor commissioner. Supreme Court declared the lockout illegal and awarded full wage continuity during the closure period. Ruling: Partial.,Partial,True
SYN_LAB_0040,labour_rights,trade_union_victimization,District Court,Synthetic Case: Union office-bearers were target-transferred to remote sites immediately following the submission of a collective bargaining charter. District Court held the transfers to be unfair labor practice intended to suppress union activities and issued stay orders. Ruling: Accepted.,Accepted,True
SYN_LAB_0041,labour_rights,apprentice_exploitation,High Court,Synthetic Case: Trainees engaged under apprentice designations were deployed on core production machinery for over 3 years without formal training or stipend adjustment. High Court recognized them as regular workmen entitled to statutory wage scales. Ruling: Rejected.,Rejected,True
SYN_LAB_0042,labour_rights,occupational_health_safety_violation,Supreme Court,"Synthetic Case: Quarry miners exposed to toxic dust petitioned regarding lack of personal protective equipment and regular health check-ups mandated under mines safety regulations. Supreme Court ordered immediate safety compliance, medical monitoring, and compensation for affected workers. Ruling: Partial.",Partial,True
SYN_LAB_0043,labour_rights,wrongful_termination,District Court,"Synthetic Case: A warehouse helper with continuous service for over 240 days in a calendar year was orally discharged without written notice, prior inquiry, or retrenchment compensation mandated under Section 25F of the Industrial Disputes Act. Management alleged performance issues without holding a domestic inquiry. District Court examined muster rolls and pay slips, holding the termination illegal and directing statutory relief. Ruling: Accepted.",Accepted,True
SYN_LAB_0044,labour_rights,unpaid_wages,High Court,Synthetic Case: Group of rural workers deployed at a processing facility petitioned for 5 months of accrued unpaid wages. The employer claimed financial distress and crop yield loss justified delayed disbursements. High Court affirmed that statutory minimum wage obligations under the Payment of Wages framework cannot be deferred or contingent on commercial profitability. Ruling: Rejected.,Rejected,True
SYN_LAB_0045,labour_rights,casual_labor_regularization,Supreme Court,Synthetic Case: Daily-wage workers engaged continuously for over 8 years against sanctioned public works vacancies sought absorption into regular cadre. State authorities argued the initial recruitment lacked formal selection process. Supreme Court evaluated unbroken service records and directed consideration for regularization under applicable public employment policies. Ruling: Partial.,Partial,True
SYN_LAB_0046,labour_rights,workplace_injury_compensation,District Court,"Synthetic Case: A handloom worker suffered severe partial disability due to an unshielded machine unit at a rural plant. Management offered minor ex-gratia assistance while denying statutory liability under the Employee's Compensation Act. District Court evaluated medical disability certificates and loss of earning capacity, ordering full statutory compensation. Ruling: Accepted.",Accepted,True
SYN_LAB_0047,labour_rights,pf_gratuity_denial,High Court,Synthetic Case: Retired seasonal employee denied terminal gratuity benefits on grounds that seasonal employment interrupted continuous service requirements. High Court held that seasonal engagements meeting statutory minimum operational days satisfy the threshold under the Payment of Gratuity Act. Ruling: Rejected.,Rejected,True
SYN_LAB_0048,labour_rights,maternity_benefit_denial,Supreme Court,Synthetic Case: Contractual female stone quarry miner was denied 26 weeks paid maternity leave and subsequently terminated upon applying for leave. Employer relied on private contract terms excluding statutory maternity benefits. Supreme Court ruled that statutory entitlements under the Maternity Benefit Act override private contractual restrictions. Ruling: Partial.,Partial,True
SYN_LAB_0049,labour_rights,minimum_wage_violation,District Court,"Synthetic Case: Agricultural laborers demonstrated that cash wages paid by a commercial farm were lower than state-notified minimum wage rates, with unnotified deductions made for basic shelter. District Court prohibited unnotified wage deductions and directed back-pay calculation based on official minimum wage notifications. Ruling: Accepted.",Accepted,True
SYN_LAB_0050,labour_rights,contract_vs_permanent_dispute,High Court,"Synthetic Case: Assembly line workers engaged via an intermediary labor contractor performed core operational tasks alongside permanent workers for half pay. High Court found the contract labor arrangement to be a sham mechanism designed to evade equal pay mandates, directing parity in remuneration. Ruling: Rejected.",Rejected,True
SYN_LAB_0051,labour_rights,migrant_bonded_labor_exploitation,Supreme Court,"Synthetic Case: Inter-state migrant laborers detained at a brick kiln due to alleged advance debt obligations filed for relief under the Bonded Labour System (Abolition) Act. Supreme Court directed immediate release, cancellation of alleged debts, and state rehabilitation assistance. Ruling: Partial.",Partial,True
SYN_LAB_0052,labour_rights,overtime_wage_denial,District Court,Synthetic Case: Factory workers required to work 12-hour daily shifts without overtime payment petitioned under factories welfare rules. District Court verified shift logbooks and ordered payment of double-rate statutory overtime wages. Ruling: Accepted.,Accepted,True
SYN_LAB_0053,labour_rights,illegal_lockout_closure,High Court,Synthetic Case: Industrial unit management instituted sudden site closure without serving 60 days prior statutory notice to the labor commissioner. High Court declared the lockout illegal and awarded full wage continuity during the closure period. Ruling: Rejected.,Rejected,True
SYN_LAB_0054,labour_rights,trade_union_victimization,Supreme Court,Synthetic Case: Union office-bearers were target-transferred to remote sites immediately following the submission of a collective bargaining charter. Supreme Court held the transfers to be unfair labor practice intended to suppress union activities and issued stay orders. Ruling: Partial.,Partial,True
SYN_LAB_0055,labour_rights,apprentice_exploitation,District Court,Synthetic Case: Trainees engaged under apprentice designations were deployed on core production machinery for over 3 years without formal training or stipend adjustment. District Court recognized them as regular workmen entitled to statutory wage scales. Ruling: Accepted.,Accepted,True
SYN_LAB_0056,labour_rights,occupational_health_safety_violation,High Court,"Synthetic Case: Quarry miners exposed to toxic dust petitioned regarding lack of personal protective equipment and regular health check-ups mandated under mines safety regulations. High Court ordered immediate safety compliance, medical monitoring, and compensation for affected workers. Ruling: Rejected.",Rejected,True
SYN_LAB_0057,labour_rights,wrongful_termination,Supreme Court,"Synthetic Case: A garment worker with continuous service for over 240 days in a calendar year was orally discharged without written notice, prior inquiry, or retrenchment compensation mandated under Section 25F of the Industrial Disputes Act. Management alleged performance issues without holding a domestic inquiry. Supreme Court examined muster rolls and pay slips, holding the termination illegal and directing statutory relief. Ruling: Partial.",Partial,True
SYN_LAB_0058,labour_rights,unpaid_wages,District Court,Synthetic Case: Group of rural workers deployed at a processing facility petitioned for 5 months of accrued unpaid wages. The employer claimed financial distress and crop yield loss justified delayed disbursements. District Court affirmed that statutory minimum wage obligations under the Payment of Wages framework cannot be deferred or contingent on commercial profitability. Ruling: Accepted.,Accepted,True
SYN_LAB_0059,labour_rights,casual_labor_regularization,High Court,Synthetic Case: Daily-wage workers engaged continuously for over 8 years against sanctioned public works vacancies sought absorption into regular cadre. State authorities argued the initial recruitment lacked formal selection process. High Court evaluated unbroken service records and directed consideration for regularization under applicable public employment policies. Ruling: Rejected.,Rejected,True
SYN_LAB_0060,labour_rights,workplace_injury_compensation,Supreme Court,"Synthetic Case: A rice mill operator suffered severe partial disability due to an unshielded machine unit at a rural plant. Management offered minor ex-gratia assistance while denying statutory liability under the Employee's Compensation Act. Supreme Court evaluated medical disability certificates and loss of earning capacity, ordering full statutory compensation. Ruling: Partial.",Partial,True
SYN_LAB_0061,labour_rights,pf_gratuity_denial,District Court,Synthetic Case: Retired seasonal employee denied terminal gratuity benefits on grounds that seasonal employment interrupted continuous service requirements. District Court held that seasonal engagements meeting statutory minimum operational days satisfy the threshold under the Payment of Gratuity Act. Ruling: Accepted.,Accepted,True
SYN_LAB_0062,labour_rights,maternity_benefit_denial,High Court,Synthetic Case: Contractual female textile weaver was denied 26 weeks paid maternity leave and subsequently terminated upon applying for leave. Employer relied on private contract terms excluding statutory maternity benefits. High Court ruled that statutory entitlements under the Maternity Benefit Act override private contractual restrictions. Ruling: Rejected.,Rejected,True
SYN_LAB_0063,labour_rights,minimum_wage_violation,Supreme Court,"Synthetic Case: Agricultural laborers demonstrated that cash wages paid by a commercial farm were lower than state-notified minimum wage rates, with unnotified deductions made for basic shelter. Supreme Court prohibited unnotified wage deductions and directed back-pay calculation based on official minimum wage notifications. Ruling: Partial.",Partial,True
SYN_LAB_0064,labour_rights,contract_vs_permanent_dispute,District Court,"Synthetic Case: Assembly line workers engaged via an intermediary labor contractor performed core operational tasks alongside permanent workers for half pay. District Court found the contract labor arrangement to be a sham mechanism designed to evade equal pay mandates, directing parity in remuneration. Ruling: Accepted.",Accepted,True
SYN_LAB_0065,labour_rights,migrant_bonded_labor_exploitation,High Court,"Synthetic Case: Inter-state migrant laborers detained at a brick kiln due to alleged advance debt obligations filed for relief under the Bonded Labour System (Abolition) Act. High Court directed immediate release, cancellation of alleged debts, and state rehabilitation assistance. Ruling: Rejected.",Rejected,True
SYN_LAB_0066,labour_rights,overtime_wage_denial,Supreme Court,Synthetic Case: Factory workers required to work 12-hour daily shifts without overtime payment petitioned under factories welfare rules. Supreme Court verified shift logbooks and ordered payment of double-rate statutory overtime wages. Ruling: Partial.,Partial,True
SYN_LAB_0067,labour_rights,illegal_lockout_closure,District Court,Synthetic Case: Industrial unit management instituted sudden site closure without serving 60 days prior statutory notice to the labor commissioner. District Court declared the lockout illegal and awarded full wage continuity during the closure period. Ruling: Accepted.,Accepted,True
SYN_LAB_0068,labour_rights,trade_union_victimization,High Court,Synthetic Case: Union office-bearers were target-transferred to remote sites immediately following the submission of a collective bargaining charter. High Court held the transfers to be unfair labor practice intended to suppress union activities and issued stay orders. Ruling: Rejected.,Rejected,True
SYN_LAB_0069,labour_rights,apprentice_exploitation,Supreme Court,Synthetic Case: Trainees engaged under apprentice designations were deployed on core production machinery for over 3 years without formal training or stipend adjustment. Supreme Court recognized them as regular workmen entitled to statutory wage scales. Ruling: Partial.,Partial,True
SYN_LAB_0070,labour_rights,occupational_health_safety_violation,District Court,"Synthetic Case: Quarry miners exposed to toxic dust petitioned regarding lack of personal protective equipment and regular health check-ups mandated under mines safety regulations. District Court ordered immediate safety compliance, medical monitoring, and compensation for affected workers. Ruling: Accepted.",Accepted,True
SYN_LAB_0071,labour_rights,wrongful_termination,High Court,"Synthetic Case: A sugar mill technician with continuous service for over 240 days in a calendar year was orally discharged without written notice, prior inquiry, or retrenchment compensation mandated under Section 25F of the Industrial Disputes Act. Management alleged performance issues without holding a domestic inquiry. High Court examined muster rolls and pay slips, holding the termination illegal and directing statutory relief. Ruling: Rejected.",Rejected,True
SYN_LAB_0072,labour_rights,unpaid_wages,Supreme Court,Synthetic Case: Group of rural workers deployed at a processing facility petitioned for 5 months of accrued unpaid wages. The employer claimed financial distress and crop yield loss justified delayed disbursements. Supreme Court affirmed that statutory minimum wage obligations under the Payment of Wages framework cannot be deferred or contingent on commercial profitability. Ruling: Partial.,Partial,True
SYN_LAB_0073,labour_rights,casual_labor_regularization,District Court,Synthetic Case: Daily-wage workers engaged continuously for over 8 years against sanctioned public works vacancies sought absorption into regular cadre. State authorities argued the initial recruitment lacked formal selection process. District Court evaluated unbroken service records and directed consideration for regularization under applicable public employment policies. Ruling: Accepted.,Accepted,True
SYN_LAB_0074,labour_rights,workplace_injury_compensation,High Court,"Synthetic Case: A primary health worker suffered severe partial disability due to an unshielded machine unit at a rural plant. Management offered minor ex-gratia assistance while denying statutory liability under the Employee's Compensation Act. High Court evaluated medical disability certificates and loss of earning capacity, ordering full statutory compensation. Ruling: Rejected.",Rejected,True
SYN_LAB_0075,labour_rights,pf_gratuity_denial,Supreme Court,Synthetic Case: Retired seasonal employee denied terminal gratuity benefits on grounds that seasonal employment interrupted continuous service requirements. Supreme Court held that seasonal engagements meeting statutory minimum operational days satisfy the threshold under the Payment of Gratuity Act. Ruling: Partial.,Partial,True
SYN_LAB_0076,labour_rights,maternity_benefit_denial,District Court,Synthetic Case: Contractual female plantation laborer was denied 26 weeks paid maternity leave and subsequently terminated upon applying for leave. Employer relied on private contract terms excluding statutory maternity benefits. District Court ruled that statutory entitlements under the Maternity Benefit Act override private contractual restrictions. Ruling: Accepted.,Accepted,True
SYN_LAB_0077,labour_rights,minimum_wage_violation,High Court,"Synthetic Case: Agricultural laborers demonstrated that cash wages paid by a commercial farm were lower than state-notified minimum wage rates, with unnotified deductions made for basic shelter. High Court prohibited unnotified wage deductions and directed back-pay calculation based on official minimum wage notifications. Ruling: Rejected.",Rejected,True
SYN_LAB_0078,labour_rights,contract_vs_permanent_dispute,Supreme Court,"Synthetic Case: Assembly line workers engaged via an intermediary labor contractor performed core operational tasks alongside permanent workers for half pay. Supreme Court found the contract labor arrangement to be a sham mechanism designed to evade equal pay mandates, directing parity in remuneration. Ruling: Partial.",Partial,True
SYN_LAB_0079,labour_rights,migrant_bonded_labor_exploitation,District Court,"Synthetic Case: Inter-state migrant laborers detained at a brick kiln due to alleged advance debt obligations filed for relief under the Bonded Labour System (Abolition) Act. District Court directed immediate release, cancellation of alleged debts, and state rehabilitation assistance. Ruling: Accepted.",Accepted,True
SYN_LAB_0080,labour_rights,overtime_wage_denial,High Court,Synthetic Case: Factory workers required to work 12-hour daily shifts without overtime payment petitioned under factories welfare rules. High Court verified shift logbooks and ordered payment of double-rate statutory overtime wages. Ruling: Rejected.,Rejected,True
SYN_LAB_0081,labour_rights,illegal_lockout_closure,Supreme Court,Synthetic Case: Industrial unit management instituted sudden site closure without serving 60 days prior statutory notice to the labor commissioner. Supreme Court declared the lockout illegal and awarded full wage continuity during the closure period. Ruling: Partial.,Partial,True
SYN_LAB_0082,labour_rights,trade_union_victimization,District Court,Synthetic Case: Union office-bearers were target-transferred to remote sites immediately following the submission of a collective bargaining charter. District Court held the transfers to be unfair labor practice intended to suppress union activities and issued stay orders. Ruling: Accepted.,Accepted,True
SYN_LAB_0083,labour_rights,apprentice_exploitation,High Court,Synthetic Case: Trainees engaged under apprentice designations were deployed on core production machinery for over 3 years without formal training or stipend adjustment. High Court recognized them as regular workmen entitled to statutory wage scales. Ruling: Rejected.,Rejected,True
SYN_LAB_0084,labour_rights,occupational_health_safety_violation,Supreme Court,"Synthetic Case: Quarry miners exposed to toxic dust petitioned regarding lack of personal protective equipment and regular health check-ups mandated under mines safety regulations. Supreme Court ordered immediate safety compliance, medical monitoring, and compensation for affected workers. Ruling: Partial.",Partial,True
SYN_LAB_0085,labour_rights,wrongful_termination,District Court,"Synthetic Case: A handloom worker with continuous service for over 240 days in a calendar year was orally discharged without written notice, prior inquiry, or retrenchment compensation mandated under Section 25F of the Industrial Disputes Act. Management alleged performance issues without holding a domestic inquiry. District Court examined muster rolls and pay slips, holding the termination illegal and directing statutory relief. Ruling: Accepted.",Accepted,True
SYN_LAB_0086,labour_rights,unpaid_wages,High Court,Synthetic Case: Group of rural workers deployed at a processing facility petitioned for 5 months of accrued unpaid wages. The employer claimed financial distress and crop yield loss justified delayed disbursements. High Court affirmed that statutory minimum wage obligations under the Payment of Wages framework cannot be deferred or contingent on commercial profitability. Ruling: Rejected.,Rejected,True
SYN_LAB_0087,labour_rights,casual_labor_regularization,Supreme Court,Synthetic Case: Daily-wage workers engaged continuously for over 8 years against sanctioned public works vacancies sought absorption into regular cadre. State authorities argued the initial recruitment lacked formal selection process. Supreme Court evaluated unbroken service records and directed consideration for regularization under applicable public employment policies. Ruling: Partial.,Partial,True
SYN_LAB_0088,labour_rights,workplace_injury_compensation,District Court,"Synthetic Case: A construction mason suffered severe partial disability due to an unshielded machine unit at a rural plant. Management offered minor ex-gratia assistance while denying statutory liability under the Employee's Compensation Act. District Court evaluated medical disability certificates and loss of earning capacity, ordering full statutory compensation. Ruling: Accepted.",Accepted,True
SYN_LAB_0089,labour_rights,pf_gratuity_denial,High Court,Synthetic Case: Retired seasonal employee denied terminal gratuity benefits on grounds that seasonal employment interrupted continuous service requirements. High Court held that seasonal engagements meeting statutory minimum operational days satisfy the threshold under the Payment of Gratuity Act. Ruling: Rejected.,Rejected,True
SYN_LAB_0090,labour_rights,maternity_benefit_denial,Supreme Court,Synthetic Case: Contractual female textile weaver was denied 26 weeks paid maternity leave and subsequently terminated upon applying for leave. Employer relied on private contract terms excluding statutory maternity benefits. Supreme Court ruled that statutory entitlements under the Maternity Benefit Act override private contractual restrictions. Ruling: Partial.,Partial,True
SYN_LAB_0091,labour_rights,minimum_wage_violation,District Court,"Synthetic Case: Agricultural laborers demonstrated that cash wages paid by a commercial farm were lower than state-notified minimum wage rates, with unnotified deductions made for basic shelter. District Court prohibited unnotified wage deductions and directed back-pay calculation based on official minimum wage notifications. Ruling: Accepted.",Accepted,True
SYN_LAB_0092,labour_rights,contract_vs_permanent_dispute,High Court,"Synthetic Case: Assembly line workers engaged via an intermediary labor contractor performed core operational tasks alongside permanent workers for half pay. High Court found the contract labor arrangement to be a sham mechanism designed to evade equal pay mandates, directing parity in remuneration. Ruling: Rejected.",Rejected,True
SYN_LAB_0093,labour_rights,migrant_bonded_labor_exploitation,Supreme Court,"Synthetic Case: Inter-state migrant laborers detained at a brick kiln due to alleged advance debt obligations filed for relief under the Bonded Labour System (Abolition) Act. Supreme Court directed immediate release, cancellation of alleged debts, and state rehabilitation assistance. Ruling: Partial.",Partial,True
SYN_LAB_0094,labour_rights,overtime_wage_denial,District Court,Synthetic Case: Factory workers required to work 12-hour daily shifts without overtime payment petitioned under factories welfare rules. District Court verified shift logbooks and ordered payment of double-rate statutory overtime wages. Ruling: Accepted.,Accepted,True
SYN_LAB_0095,labour_rights,illegal_lockout_closure,High Court,Synthetic Case: Industrial unit management instituted sudden site closure without serving 60 days prior statutory notice to the labor commissioner. High Court declared the lockout illegal and awarded full wage continuity during the closure period. Ruling: Rejected.,Rejected,True
SYN_LAB_0096,labour_rights,trade_union_victimization,Supreme Court,Synthetic Case: Union office-bearers were target-transferred to remote sites immediately following the submission of a collective bargaining charter. Supreme Court held the transfers to be unfair labor practice intended to suppress union activities and issued stay orders. Ruling: Partial.,Partial,True
SYN_LAB_0097,labour_rights,apprentice_exploitation,District Court,Synthetic Case: Trainees engaged under apprentice designations were deployed on core production machinery for over 3 years without formal training or stipend adjustment. District Court recognized them as regular workmen entitled to statutory wage scales. Ruling: Accepted.,Accepted,True
SYN_LAB_0098,labour_rights,occupational_health_safety_violation,High Court,"Synthetic Case: Quarry miners exposed to toxic dust petitioned regarding lack of personal protective equipment and regular health check-ups mandated under mines safety regulations. High Court ordered immediate safety compliance, medical monitoring, and compensation for affected workers. Ruling: Rejected.",Rejected,True
SYN_LAB_0099,labour_rights,wrongful_termination,Supreme Court,"Synthetic Case: A sanitation worker with continuous service for over 240 days in a calendar year was orally discharged without written notice, prior inquiry, or retrenchment compensation mandated under Section 25F of the Industrial Disputes Act. Management alleged performance issues without holding a domestic inquiry. Supreme Court examined muster rolls and pay slips, holding the termination illegal and directing statutory relief. Ruling: Partial.",Partial,True
SYN_LAB_0100,labour_rights,unpaid_wages,District Court,Synthetic Case: Group of rural workers deployed at a processing facility petitioned for 5 months of accrued unpaid wages. The employer claimed financial distress and crop yield loss justified delayed disbursements. District Court affirmed that statutory minimum wage obligations under the Payment of Wages framework cannot be deferred or contingent on commercial profitability. Ruling: Accepted.,Accepted,True
SYN_LAB_0101,labour_rights,casual_labor_regularization,High Court,Synthetic Case: Daily-wage workers engaged continuously for over 8 years against sanctioned public works vacancies sought absorption into regular cadre. State authorities argued the initial recruitment lacked formal selection process. High Court evaluated unbroken service records and directed consideration for regularization under applicable public employment policies. Ruling: Rejected.,Rejected,True
SYN_LAB_0102,labour_rights,workplace_injury_compensation,Supreme Court,"Synthetic Case: A garment worker suffered severe partial disability due to an unshielded machine unit at a rural plant. Management offered minor ex-gratia assistance while denying statutory liability under the Employee's Compensation Act. Supreme Court evaluated medical disability certificates and loss of earning capacity, ordering full statutory compensation. Ruling: Partial.",Partial,True
SYN_LAB_0103,labour_rights,pf_gratuity_denial,District Court,Synthetic Case: Retired seasonal employee denied terminal gratuity benefits on grounds that seasonal employment interrupted continuous service requirements. District Court held that seasonal engagements meeting statutory minimum operational days satisfy the threshold under the Payment of Gratuity Act. Ruling: Accepted.,Accepted,True
SYN_LAB_0104,labour_rights,maternity_benefit_denial,High Court,Synthetic Case: Contractual female sugar mill technician was denied 26 weeks paid maternity leave and subsequently terminated upon applying for leave. Employer relied on private contract terms excluding statutory maternity benefits. High Court ruled that statutory entitlements under the Maternity Benefit Act override private contractual restrictions. Ruling: Rejected.,Rejected,True
SYN_LAB_0105,labour_rights,minimum_wage_violation,Supreme Court,"Synthetic Case: Agricultural laborers demonstrated that cash wages paid by a commercial farm were lower than state-notified minimum wage rates, with unnotified deductions made for basic shelter. Supreme Court prohibited unnotified wage deductions and directed back-pay calculation based on official minimum wage notifications. Ruling: Partial.",Partial,True
SYN_LAB_0106,labour_rights,contract_vs_permanent_dispute,District Court,"Synthetic Case: Assembly line workers engaged via an intermediary labor contractor performed core operational tasks alongside permanent workers for half pay. District Court found the contract labor arrangement to be a sham mechanism designed to evade equal pay mandates, directing parity in remuneration. Ruling: Accepted.",Accepted,True
SYN_LAB_0107,labour_rights,migrant_bonded_labor_exploitation,High Court,"Synthetic Case: Inter-state migrant laborers detained at a brick kiln due to alleged advance debt obligations filed for relief under the Bonded Labour System (Abolition) Act. High Court directed immediate release, cancellation of alleged debts, and state rehabilitation assistance. Ruling: Rejected.",Rejected,True
SYN_LAB_0108,labour_rights,overtime_wage_denial,Supreme Court,Synthetic Case: Factory workers required to work 12-hour daily shifts without overtime payment petitioned under factories welfare rules. Supreme Court verified shift logbooks and ordered payment of double-rate statutory overtime wages. Ruling: Partial.,Partial,True
SYN_LAB_0109,labour_rights,illegal_lockout_closure,District Court,Synthetic Case: Industrial unit management instituted sudden site closure without serving 60 days prior statutory notice to the labor commissioner. District Court declared the lockout illegal and awarded full wage continuity during the closure period. Ruling: Accepted.,Accepted,True
SYN_LAB_0110,labour_rights,trade_union_victimization,High Court,Synthetic Case: Union office-bearers were target-transferred to remote sites immediately following the submission of a collective bargaining charter. High Court held the transfers to be unfair labor practice intended to suppress union activities and issued stay orders. Ruling: Rejected.,Rejected,True
SYN_LAB_0111,labour_rights,apprentice_exploitation,Supreme Court,Synthetic Case: Trainees engaged under apprentice designations were deployed on core production machinery for over 3 years without formal training or stipend adjustment. Supreme Court recognized them as regular workmen entitled to statutory wage scales. Ruling: Partial.,Partial,True
SYN_LAB_0112,labour_rights,occupational_health_safety_violation,District Court,"Synthetic Case: Quarry miners exposed to toxic dust petitioned regarding lack of personal protective equipment and regular health check-ups mandated under mines safety regulations. District Court ordered immediate safety compliance, medical monitoring, and compensation for affected workers. Ruling: Accepted.",Accepted,True
SYN_LAB_0113,labour_rights,wrongful_termination,High Court,"Synthetic Case: A warehouse helper with continuous service for over 240 days in a calendar year was orally discharged without written notice, prior inquiry, or retrenchment compensation mandated under Section 25F of the Industrial Disputes Act. Management alleged performance issues without holding a domestic inquiry. High Court examined muster rolls and pay slips, holding the termination illegal and directing statutory relief. Ruling: Rejected.",Rejected,True
SYN_LAB_0114,labour_rights,unpaid_wages,Supreme Court,Synthetic Case: Group of rural workers deployed at a processing facility petitioned for 5 months of accrued unpaid wages. The employer claimed financial distress and crop yield loss justified delayed disbursements. Supreme Court affirmed that statutory minimum wage obligations under the Payment of Wages framework cannot be deferred or contingent on commercial profitability. Ruling: Partial.,Partial,True
SYN_LAB_0115,labour_rights,casual_labor_regularization,District Court,Synthetic Case: Daily-wage workers engaged continuously for over 8 years against sanctioned public works vacancies sought absorption into regular cadre. State authorities argued the initial recruitment lacked formal selection process. District Court evaluated unbroken service records and directed consideration for regularization under applicable public employment policies. Ruling: Accepted.,Accepted,True
SYN_LAB_0116,labour_rights,workplace_injury_compensation,High Court,"Synthetic Case: A brick kiln loader suffered severe partial disability due to an unshielded machine unit at a rural plant. Management offered minor ex-gratia assistance while denying statutory liability under the Employee's Compensation Act. High Court evaluated medical disability certificates and loss of earning capacity, ordering full statutory compensation. Ruling: Rejected.",Rejected,True
SYN_LAB_0117,labour_rights,pf_gratuity_denial,Supreme Court,Synthetic Case: Retired seasonal employee denied terminal gratuity benefits on grounds that seasonal employment interrupted continuous service requirements. Supreme Court held that seasonal engagements meeting statutory minimum operational days satisfy the threshold under the Payment of Gratuity Act. Ruling: Partial.,Partial,True
SYN_LAB_0118,labour_rights,maternity_benefit_denial,District Court,Synthetic Case: Contractual female tea garden supervisor was denied 26 weeks paid maternity leave and subsequently terminated upon applying for leave. Employer relied on private contract terms excluding statutory maternity benefits. District Court ruled that statutory entitlements under the Maternity Benefit Act override private contractual restrictions. Ruling: Accepted.,Accepted,True
SYN_LAB_0119,labour_rights,minimum_wage_violation,High Court,"Synthetic Case: Agricultural laborers demonstrated that cash wages paid by a commercial farm were lower than state-notified minimum wage rates, with unnotified deductions made for basic shelter. High Court prohibited unnotified wage deductions and directed back-pay calculation based on official minimum wage notifications. Ruling: Rejected.",Rejected,True
SYN_LAB_0120,labour_rights,contract_vs_permanent_dispute,Supreme Court,"Synthetic Case: Assembly line workers engaged via an intermediary labor contractor performed core operational tasks alongside permanent workers for half pay. Supreme Court found the contract labor arrangement to be a sham mechanism designed to evade equal pay mandates, directing parity in remuneration. Ruling: Partial.",Partial,True
SYN_LAB_0121,labour_rights,migrant_bonded_labor_exploitation,District Court,"Synthetic Case: Inter-state migrant laborers detained at a brick kiln due to alleged advance debt obligations filed for relief under the Bonded Labour System (Abolition) Act. District Court directed immediate release, cancellation of alleged debts, and state rehabilitation assistance. Ruling: Accepted.",Accepted,True
SYN_LAB_0122,labour_rights,overtime_wage_denial,High Court,Synthetic Case: Factory workers required to work 12-hour daily shifts without overtime payment petitioned under factories welfare rules. High Court verified shift logbooks and ordered payment of double-rate statutory overtime wages. Ruling: Rejected.,Rejected,True
SYN_LAB_0123,labour_rights,illegal_lockout_closure,Supreme Court,Synthetic Case: Industrial unit management instituted sudden site closure without serving 60 days prior statutory notice to the labor commissioner. Supreme Court declared the lockout illegal and awarded full wage continuity during the closure period. Ruling: Partial.,Partial,True
SYN_LAB_0124,labour_rights,trade_union_victimization,District Court,Synthetic Case: Union office-bearers were target-transferred to remote sites immediately following the submission of a collective bargaining charter. District Court held the transfers to be unfair labor practice intended to suppress union activities and issued stay orders. Ruling: Accepted.,Accepted,True
SYN_LAB_0125,labour_rights,apprentice_exploitation,High Court,Synthetic Case: Trainees engaged under apprentice designations were deployed on core production machinery for over 3 years without formal training or stipend adjustment. High Court recognized them as regular workmen entitled to statutory wage scales. Ruling: Rejected.,Rejected,True
SYN_LAB_0126,labour_rights,occupational_health_safety_violation,Supreme Court,"Synthetic Case: Quarry miners exposed to toxic dust petitioned regarding lack of personal protective equipment and regular health check-ups mandated under mines safety regulations. Supreme Court ordered immediate safety compliance, medical monitoring, and compensation for affected workers. Ruling: Partial.",Partial,True
SYN_LAB_0127,labour_rights,wrongful_termination,District Court,"Synthetic Case: A rice mill operator with continuous service for over 240 days in a calendar year was orally discharged without written notice, prior inquiry, or retrenchment compensation mandated under Section 25F of the Industrial Disputes Act. Management alleged performance issues without holding a domestic inquiry. District Court examined muster rolls and pay slips, holding the termination illegal and directing statutory relief. Ruling: Accepted.",Accepted,True
SYN_LAB_0128,labour_rights,unpaid_wages,High Court,Synthetic Case: Group of rural workers deployed at a processing facility petitioned for 5 months of accrued unpaid wages. The employer claimed financial distress and crop yield loss justified delayed disbursements. High Court affirmed that statutory minimum wage obligations under the Payment of Wages framework cannot be deferred or contingent on commercial profitability. Ruling: Rejected.,Rejected,True
SYN_LAB_0129,labour_rights,casual_labor_regularization,Supreme Court,Synthetic Case: Daily-wage workers engaged continuously for over 8 years against sanctioned public works vacancies sought absorption into regular cadre. State authorities argued the initial recruitment lacked formal selection process. Supreme Court evaluated unbroken service records and directed consideration for regularization under applicable public employment policies. Ruling: Partial.,Partial,True
SYN_LAB_0130,labour_rights,workplace_injury_compensation,District Court,"Synthetic Case: A garment worker suffered severe partial disability due to an unshielded machine unit at a rural plant. Management offered minor ex-gratia assistance while denying statutory liability under the Employee's Compensation Act. District Court evaluated medical disability certificates and loss of earning capacity, ordering full statutory compensation. Ruling: Accepted.",Accepted,True
SYN_LAB_0131,labour_rights,pf_gratuity_denial,High Court,Synthetic Case: Retired seasonal employee denied terminal gratuity benefits on grounds that seasonal employment interrupted continuous service requirements. High Court held that seasonal engagements meeting statutory minimum operational days satisfy the threshold under the Payment of Gratuity Act. Ruling: Rejected.,Rejected,True
SYN_LAB_0132,labour_rights,maternity_benefit_denial,Supreme Court,Synthetic Case: Contractual female sanitation worker was denied 26 weeks paid maternity leave and subsequently terminated upon applying for leave. Employer relied on private contract terms excluding statutory maternity benefits. Supreme Court ruled that statutory entitlements under the Maternity Benefit Act override private contractual restrictions. Ruling: Partial.,Partial,True
SYN_LAB_0133,labour_rights,minimum_wage_violation,District Court,"Synthetic Case: Agricultural laborers demonstrated that cash wages paid by a commercial farm were lower than state-notified minimum wage rates, with unnotified deductions made for basic shelter. District Court prohibited unnotified wage deductions and directed back-pay calculation based on official minimum wage notifications. Ruling: Accepted.",Accepted,True
SYN_LAB_0134,labour_rights,contract_vs_permanent_dispute,High Court,"Synthetic Case: Assembly line workers engaged via an intermediary labor contractor performed core operational tasks alongside permanent workers for half pay. High Court found the contract labor arrangement to be a sham mechanism designed to evade equal pay mandates, directing parity in remuneration. Ruling: Rejected.",Rejected,True
SYN_LAB_0135,labour_rights,migrant_bonded_labor_exploitation,Supreme Court,"Synthetic Case: Inter-state migrant laborers detained at a brick kiln due to alleged advance debt obligations filed for relief under the Bonded Labour System (Abolition) Act. Supreme Court directed immediate release, cancellation of alleged debts, and state rehabilitation assistance. Ruling: Partial.",Partial,True
SYN_LAB_0136,labour_rights,overtime_wage_denial,District Court,Synthetic Case: Factory workers required to work 12-hour daily shifts without overtime payment petitioned under factories welfare rules. District Court verified shift logbooks and ordered payment of double-rate statutory overtime wages. Ruling: Accepted.,Accepted,True
SYN_LAB_0137,labour_rights,illegal_lockout_closure,High Court,Synthetic Case: Industrial unit management instituted sudden site closure without serving 60 days prior statutory notice to the labor commissioner. High Court declared the lockout illegal and awarded full wage continuity during the closure period. Ruling: Rejected.,Rejected,True
SYN_LAB_0138,labour_rights,trade_union_victimization,Supreme Court,Synthetic Case: Union office-bearers were target-transferred to remote sites immediately following the submission of a collective bargaining charter. Supreme Court held the transfers to be unfair labor practice intended to suppress union activities and issued stay orders. Ruling: Partial.,Partial,True
SYN_LAB_0139,labour_rights,apprentice_exploitation,District Court,Synthetic Case: Trainees engaged under apprentice designations were deployed on core production machinery for over 3 years without formal training or stipend adjustment. District Court recognized them as regular workmen entitled to statutory wage scales. Ruling: Accepted.,Accepted,True
SYN_LAB_0140,labour_rights,occupational_health_safety_violation,High Court,"Synthetic Case: Quarry miners exposed to toxic dust petitioned regarding lack of personal protective equipment and regular health check-ups mandated under mines safety regulations. High Court ordered immediate safety compliance, medical monitoring, and compensation for affected workers. Ruling: Rejected.",Rejected,True
SYN_LAB_0141,labour_rights,wrongful_termination,Supreme Court,"Synthetic Case: A sugar mill technician with continuous service for over 240 days in a calendar year was orally discharged without written notice, prior inquiry, or retrenchment compensation mandated under Section 25F of the Industrial Disputes Act. Management alleged performance issues without holding a domestic inquiry. Supreme Court examined muster rolls and pay slips, holding the termination illegal and directing statutory relief. Ruling: Partial.",Partial,True
SYN_LAB_0142,labour_rights,unpaid_wages,District Court,Synthetic Case: Group of rural workers deployed at a processing facility petitioned for 5 months of accrued unpaid wages. The employer claimed financial distress and crop yield loss justified delayed disbursements. District Court affirmed that statutory minimum wage obligations under the Payment of Wages framework cannot be deferred or contingent on commercial profitability. Ruling: Accepted.,Accepted,True
SYN_LAB_0143,labour_rights,casual_labor_regularization,High Court,Synthetic Case: Daily-wage workers engaged continuously for over 8 years against sanctioned public works vacancies sought absorption into regular cadre. State authorities argued the initial recruitment lacked formal selection process. High Court evaluated unbroken service records and directed consideration for regularization under applicable public employment policies. Ruling: Rejected.,Rejected,True
SYN_LAB_0144,labour_rights,workplace_injury_compensation,Supreme Court,"Synthetic Case: A brick kiln loader suffered severe partial disability due to an unshielded machine unit at a rural plant. Management offered minor ex-gratia assistance while denying statutory liability under the Employee's Compensation Act. Supreme Court evaluated medical disability certificates and loss of earning capacity, ordering full statutory compensation. Ruling: Partial.",Partial,True
SYN_LAB_0145,labour_rights,pf_gratuity_denial,District Court,Synthetic Case: Retired seasonal employee denied terminal gratuity benefits on grounds that seasonal employment interrupted continuous service requirements. District Court held that seasonal engagements meeting statutory minimum operational days satisfy the threshold under the Payment of Gratuity Act. Ruling: Accepted.,Accepted,True
SYN_LAB_0146,labour_rights,maternity_benefit_denial,High Court,Synthetic Case: Contractual female warehouse helper was denied 26 weeks paid maternity leave and subsequently terminated upon applying for leave. Employer relied on private contract terms excluding statutory maternity benefits. High Court ruled that statutory entitlements under the Maternity Benefit Act override private contractual restrictions. Ruling: Rejected.,Rejected,True
SYN_LAB_0147,labour_rights,minimum_wage_violation,Supreme Court,"Synthetic Case: Agricultural laborers demonstrated that cash wages paid by a commercial farm were lower than state-notified minimum wage rates, with unnotified deductions made for basic shelter. Supreme Court prohibited unnotified wage deductions and directed back-pay calculation based on official minimum wage notifications. Ruling: Partial.",Partial,True
SYN_LAB_0148,labour_rights,contract_vs_permanent_dispute,District Court,"Synthetic Case: Assembly line workers engaged via an intermediary labor contractor performed core operational tasks alongside permanent workers for half pay. District Court found the contract labor arrangement to be a sham mechanism designed to evade equal pay mandates, directing parity in remuneration. Ruling: Accepted.",Accepted,True
SYN_LAB_0149,labour_rights,migrant_bonded_labor_exploitation,High Court,"Synthetic Case: Inter-state migrant laborers detained at a brick kiln due to alleged advance debt obligations filed for relief under the Bonded Labour System (Abolition) Act. High Court directed immediate release, cancellation of alleged debts, and state rehabilitation assistance. Ruling: Rejected.",Rejected,True
SYN_LAB_0150,labour_rights,overtime_wage_denial,Supreme Court,Synthetic Case: Factory workers required to work 12-hour daily shifts without overtime payment petitioned under factories welfare rules. Supreme Court verified shift logbooks and ordered payment of double-rate statutory overtime wages. Ruling: Partial.,Partial,True
SYN_LAB_0151,labour_rights,illegal_lockout_closure,District Court,Synthetic Case: Industrial unit management instituted sudden site closure without serving 60 days prior statutory notice to the labor commissioner. District Court declared the lockout illegal and awarded full wage continuity during the closure period. Ruling: Accepted.,Accepted,True
SYN_LAB_0152,labour_rights,trade_union_victimization,High Court,Synthetic Case: Union office-bearers were target-transferred to remote sites immediately following the submission of a collective bargaining charter. High Court held the transfers to be unfair labor practice intended to suppress union activities and issued stay orders. Ruling: Rejected.,Rejected,True
SYN_LAB_0153,labour_rights,apprentice_exploitation,Supreme Court,Synthetic Case: Trainees engaged under apprentice designations were deployed on core production machinery for over 3 years without formal training or stipend adjustment. Supreme Court recognized them as regular workmen entitled to statutory wage scales. Ruling: Partial.,Partial,True
SYN_LAB_0154,labour_rights,occupational_health_safety_violation,District Court,"Synthetic Case: Quarry miners exposed to toxic dust petitioned regarding lack of personal protective equipment and regular health check-ups mandated under mines safety regulations. District Court ordered immediate safety compliance, medical monitoring, and compensation for affected workers. Ruling: Accepted.",Accepted,True
SYN_LAB_0155,labour_rights,wrongful_termination,High Court,"Synthetic Case: A sanitation worker with continuous service for over 240 days in a calendar year was orally discharged without written notice, prior inquiry, or retrenchment compensation mandated under Section 25F of the Industrial Disputes Act. Management alleged performance issues without holding a domestic inquiry. High Court examined muster rolls and pay slips, holding the termination illegal and directing statutory relief. Ruling: Rejected.",Rejected,True
SYN_LAB_0156,labour_rights,unpaid_wages,Supreme Court,Synthetic Case: Group of rural workers deployed at a processing facility petitioned for 5 months of accrued unpaid wages. The employer claimed financial distress and crop yield loss justified delayed disbursements. Supreme Court affirmed that statutory minimum wage obligations under the Payment of Wages framework cannot be deferred or contingent on commercial profitability. Ruling: Partial.,Partial,True
SYN_LAB_0157,labour_rights,casual_labor_regularization,District Court,Synthetic Case: Daily-wage workers engaged continuously for over 8 years against sanctioned public works vacancies sought absorption into regular cadre. State authorities argued the initial recruitment lacked formal selection process. District Court evaluated unbroken service records and directed consideration for regularization under applicable public employment policies. Ruling: Accepted.,Accepted,True
SYN_LAB_0158,labour_rights,workplace_injury_compensation,High Court,"Synthetic Case: A sanitation worker suffered severe partial disability due to an unshielded machine unit at a rural plant. Management offered minor ex-gratia assistance while denying statutory liability under the Employee's Compensation Act. High Court evaluated medical disability certificates and loss of earning capacity, ordering full statutory compensation. Ruling: Rejected.",Rejected,True
SYN_LAB_0159,labour_rights,pf_gratuity_denial,Supreme Court,Synthetic Case: Retired seasonal employee denied terminal gratuity benefits on grounds that seasonal employment interrupted continuous service requirements. Supreme Court held that seasonal engagements meeting statutory minimum operational days satisfy the threshold under the Payment of Gratuity Act. Ruling: Partial.,Partial,True
SYN_LAB_0160,labour_rights,maternity_benefit_denial,District Court,Synthetic Case: Contractual female stone quarry miner was denied 26 weeks paid maternity leave and subsequently terminated upon applying for leave. Employer relied on private contract terms excluding statutory maternity benefits. District Court ruled that statutory entitlements under the Maternity Benefit Act override private contractual restrictions. Ruling: Accepted.,Accepted,True
SYN_LAB_0161,labour_rights,minimum_wage_violation,High Court,"Synthetic Case: Agricultural laborers demonstrated that cash wages paid by a commercial farm were lower than state-notified minimum wage rates, with unnotified deductions made for basic shelter. High Court prohibited unnotified wage deductions and directed back-pay calculation based on official minimum wage notifications. Ruling: Rejected.",Rejected,True
SYN_LAB_0162,labour_rights,contract_vs_permanent_dispute,Supreme Court,"Synthetic Case: Assembly line workers engaged via an intermediary labor contractor performed core operational tasks alongside permanent workers for half pay. Supreme Court found the contract labor arrangement to be a sham mechanism designed to evade equal pay mandates, directing parity in remuneration. Ruling: Partial.",Partial,True
SYN_LAB_0163,labour_rights,migrant_bonded_labor_exploitation,District Court,"Synthetic Case: Inter-state migrant laborers detained at a brick kiln due to alleged advance debt obligations filed for relief under the Bonded Labour System (Abolition) Act. District Court directed immediate release, cancellation of alleged debts, and state rehabilitation assistance. Ruling: Accepted.",Accepted,True
SYN_LAB_0164,labour_rights,overtime_wage_denial,High Court,Synthetic Case: Factory workers required to work 12-hour daily shifts without overtime payment petitioned under factories welfare rules. High Court verified shift logbooks and ordered payment of double-rate statutory overtime wages. Ruling: Rejected.,Rejected,True
SYN_LAB_0165,labour_rights,illegal_lockout_closure,Supreme Court,Synthetic Case: Industrial unit management instituted sudden site closure without serving 60 days prior statutory notice to the labor commissioner. Supreme Court declared the lockout illegal and awarded full wage continuity during the closure period. Ruling: Partial.,Partial,True
SYN_LAB_0166,labour_rights,trade_union_victimization,District Court,Synthetic Case: Union office-bearers were target-transferred to remote sites immediately following the submission of a collective bargaining charter. District Court held the transfers to be unfair labor practice intended to suppress union activities and issued stay orders. Ruling: Accepted.,Accepted,True
SYN_LAB_0167,labour_rights,apprentice_exploitation,High Court,Synthetic Case: Trainees engaged under apprentice designations were deployed on core production machinery for over 3 years without formal training or stipend adjustment. High Court recognized them as regular workmen entitled to statutory wage scales. Ruling: Rejected.,Rejected,True
SYN_LAB_0168,labour_rights,occupational_health_safety_violation,Supreme Court,"Synthetic Case: Quarry miners exposed to toxic dust petitioned regarding lack of personal protective equipment and regular health check-ups mandated under mines safety regulations. Supreme Court ordered immediate safety compliance, medical monitoring, and compensation for affected workers. Ruling: Partial.",Partial,True
SYN_LAB_0169,labour_rights,wrongful_termination,District Court,"Synthetic Case: A electrical maintenance assistant with continuous service for over 240 days in a calendar year was orally discharged without written notice, prior inquiry, or retrenchment compensation mandated under Section 25F of the Industrial Disputes Act. Management alleged performance issues without holding a domestic inquiry. District Court examined muster rolls and pay slips, holding the termination illegal and directing statutory relief. Ruling: Accepted.",Accepted,True
SYN_LAB_0170,labour_rights,unpaid_wages,High Court,Synthetic Case: Group of rural workers deployed at a processing facility petitioned for 5 months of accrued unpaid wages. The employer claimed financial distress and crop yield loss justified delayed disbursements. High Court affirmed that statutory minimum wage obligations under the Payment of Wages framework cannot be deferred or contingent on commercial profitability. Ruling: Rejected.,Rejected,True
SYN_LAB_0171,labour_rights,casual_labor_regularization,Supreme Court,Synthetic Case: Daily-wage workers engaged continuously for over 8 years against sanctioned public works vacancies sought absorption into regular cadre. State authorities argued the initial recruitment lacked formal selection process. Supreme Court evaluated unbroken service records and directed consideration for regularization under applicable public employment policies. Ruling: Partial.,Partial,True
SYN_LAB_0172,labour_rights,workplace_injury_compensation,District Court,"Synthetic Case: A tea garden supervisor suffered severe partial disability due to an unshielded machine unit at a rural plant. Management offered minor ex-gratia assistance while denying statutory liability under the Employee's Compensation Act. District Court evaluated medical disability certificates and loss of earning capacity, ordering full statutory compensation. Ruling: Accepted.",Accepted,True
SYN_LAB_0173,labour_rights,pf_gratuity_denial,High Court,Synthetic Case: Retired seasonal employee denied terminal gratuity benefits on grounds that seasonal employment interrupted continuous service requirements. High Court held that seasonal engagements meeting statutory minimum operational days satisfy the threshold under the Payment of Gratuity Act. Ruling: Rejected.,Rejected,True
SYN_LAB_0174,labour_rights,maternity_benefit_denial,Supreme Court,Synthetic Case: Contractual female sugar mill technician was denied 26 weeks paid maternity leave and subsequently terminated upon applying for leave. Employer relied on private contract terms excluding statutory maternity benefits. Supreme Court ruled that statutory entitlements under the Maternity Benefit Act override private contractual restrictions. Ruling: Partial.,Partial,True
SYN_LAB_0175,labour_rights,minimum_wage_violation,District Court,"Synthetic Case: Agricultural laborers demonstrated that cash wages paid by a commercial farm were lower than state-notified minimum wage rates, with unnotified deductions made for basic shelter. District Court prohibited unnotified wage deductions and directed back-pay calculation based on official minimum wage notifications. Ruling: Accepted.",Accepted,True
SYN_LAB_0176,labour_rights,contract_vs_permanent_dispute,High Court,"Synthetic Case: Assembly line workers engaged via an intermediary labor contractor performed core operational tasks alongside permanent workers for half pay. High Court found the contract labor arrangement to be a sham mechanism designed to evade equal pay mandates, directing parity in remuneration. Ruling: Rejected.",Rejected,True
SYN_LAB_0177,labour_rights,migrant_bonded_labor_exploitation,Supreme Court,"Synthetic Case: Inter-state migrant laborers detained at a brick kiln due to alleged advance debt obligations filed for relief under the Bonded Labour System (Abolition) Act. Supreme Court directed immediate release, cancellation of alleged debts, and state rehabilitation assistance. Ruling: Partial.",Partial,True
SYN_LAB_0178,labour_rights,overtime_wage_denial,District Court,Synthetic Case: Factory workers required to work 12-hour daily shifts without overtime payment petitioned under factories welfare rules. District Court verified shift logbooks and ordered payment of double-rate statutory overtime wages. Ruling: Accepted.,Accepted,True
SYN_LAB_0179,labour_rights,illegal_lockout_closure,High Court,Synthetic Case: Industrial unit management instituted sudden site closure without serving 60 days prior statutory notice to the labor commissioner. High Court declared the lockout illegal and awarded full wage continuity during the closure period. Ruling: Rejected.,Rejected,True
SYN_LAB_0180,labour_rights,trade_union_victimization,Supreme Court,Synthetic Case: Union office-bearers were target-transferred to remote sites immediately following the submission of a collective bargaining charter. Supreme Court held the transfers to be unfair labor practice intended to suppress union activities and issued stay orders. Ruling: Partial.,Partial,True
SYN_LAB_0181,labour_rights,apprentice_exploitation,District Court,Synthetic Case: Trainees engaged under apprentice designations were deployed on core production machinery for over 3 years without formal training or stipend adjustment. District Court recognized them as regular workmen entitled to statutory wage scales. Ruling: Accepted.,Accepted,True
SYN_LAB_0182,labour_rights,occupational_health_safety_violation,High Court,"Synthetic Case: Quarry miners exposed to toxic dust petitioned regarding lack of personal protective equipment and regular health check-ups mandated under mines safety regulations. High Court ordered immediate safety compliance, medical monitoring, and compensation for affected workers. Ruling: Rejected.",Rejected,True
SYN_LAB_0183,labour_rights,wrongful_termination,Supreme Court,"Synthetic Case: A sanitation worker with continuous service for over 240 days in a calendar year was orally discharged without written notice, prior inquiry, or retrenchment compensation mandated under Section 25F of the Industrial Disputes Act. Management alleged performance issues without holding a domestic inquiry. Supreme Court examined muster rolls and pay slips, holding the termination illegal and directing statutory relief. Ruling: Partial.",Partial,True
SYN_LAB_0184,labour_rights,unpaid_wages,District Court,Synthetic Case: Group of rural workers deployed at a processing facility petitioned for 5 months of accrued unpaid wages. The employer claimed financial distress and crop yield loss justified delayed disbursements. District Court affirmed that statutory minimum wage obligations under the Payment of Wages framework cannot be deferred or contingent on commercial profitability. Ruling: Accepted.,Accepted,True
SYN_LAB_0185,labour_rights,casual_labor_regularization,High Court,Synthetic Case: Daily-wage workers engaged continuously for over 8 years against sanctioned public works vacancies sought absorption into regular cadre. State authorities argued the initial recruitment lacked formal selection process. High Court evaluated unbroken service records and directed consideration for regularization under applicable public employment policies. Ruling: Rejected.,Rejected,True
SYN_LAB_0186,labour_rights,workplace_injury_compensation,Supreme Court,"Synthetic Case: A sanitation worker suffered severe partial disability due to an unshielded machine unit at a rural plant. Management offered minor ex-gratia assistance while denying statutory liability under the Employee's Compensation Act. Supreme Court evaluated medical disability certificates and loss of earning capacity, ordering full statutory compensation. Ruling: Partial.",Partial,True
SYN_LAB_0187,labour_rights,pf_gratuity_denial,District Court,Synthetic Case: Retired seasonal employee denied terminal gratuity benefits on grounds that seasonal employment interrupted continuous service requirements. District Court held that seasonal engagements meeting statutory minimum operational days satisfy the threshold under the Payment of Gratuity Act. Ruling: Accepted.,Accepted,True
SYN_LAB_0188,labour_rights,maternity_benefit_denial,High Court,Synthetic Case: Contractual female textile weaver was denied 26 weeks paid maternity leave and subsequently terminated upon applying for leave. Employer relied on private contract terms excluding statutory maternity benefits. High Court ruled that statutory entitlements under the Maternity Benefit Act override private contractual restrictions. Ruling: Rejected.,Rejected,True
SYN_LAB_0189,labour_rights,minimum_wage_violation,Supreme Court,"Synthetic Case: Agricultural laborers demonstrated that cash wages paid by a commercial farm were lower than state-notified minimum wage rates, with unnotified deductions made for basic shelter. Supreme Court prohibited unnotified wage deductions and directed back-pay calculation based on official minimum wage notifications. Ruling: Partial.",Partial,True
SYN_LAB_0190,labour_rights,contract_vs_permanent_dispute,District Court,"Synthetic Case: Assembly line workers engaged via an intermediary labor contractor performed core operational tasks alongside permanent workers for half pay. District Court found the contract labor arrangement to be a sham mechanism designed to evade equal pay mandates, directing parity in remuneration. Ruling: Accepted.",Accepted,True
SYN_LAB_0191,labour_rights,migrant_bonded_labor_exploitation,High Court,"Synthetic Case: Inter-state migrant laborers detained at a brick kiln due to alleged advance debt obligations filed for relief under the Bonded Labour System (Abolition) Act. High Court directed immediate release, cancellation of alleged debts, and state rehabilitation assistance. Ruling: Rejected.",Rejected,True
SYN_LAB_0192,labour_rights,overtime_wage_denial,Supreme Court,Synthetic Case: Factory workers required to work 12-hour daily shifts without overtime payment petitioned under factories welfare rules. Supreme Court verified shift logbooks and ordered payment of double-rate statutory overtime wages. Ruling: Partial.,Partial,True
SYN_LAB_0193,labour_rights,illegal_lockout_closure,District Court,Synthetic Case: Industrial unit management instituted sudden site closure without serving 60 days prior statutory notice to the labor commissioner. District Court declared the lockout illegal and awarded full wage continuity during the closure period. Ruling: Accepted.,Accepted,True
SYN_LAB_0194,labour_rights,trade_union_victimization,High Court,Synthetic Case: Union office-bearers were target-transferred to remote sites immediately following the submission of a collective bargaining charter. High Court held the transfers to be unfair labor practice intended to suppress union activities and issued stay orders. Ruling: Rejected.,Rejected,True
SYN_LAB_0195,labour_rights,apprentice_exploitation,Supreme Court,Synthetic Case: Trainees engaged under apprentice designations were deployed on core production machinery for over 3 years without formal training or stipend adjustment. Supreme Court recognized them as regular workmen entitled to statutory wage scales. Ruling: Partial.,Partial,True
SYN_LAB_0196,labour_rights,occupational_health_safety_violation,District Court,"Synthetic Case: Quarry miners exposed to toxic dust petitioned regarding lack of personal protective equipment and regular health check-ups mandated under mines safety regulations. District Court ordered immediate safety compliance, medical monitoring, and compensation for affected workers. Ruling: Accepted.",Accepted,True
SYN_LAB_0197,labour_rights,wrongful_termination,High Court,"Synthetic Case: A garment worker with continuous service for over 240 days in a calendar year was orally discharged without written notice, prior inquiry, or retrenchment compensation mandated under Section 25F of the Industrial Disputes Act. Management alleged performance issues without holding a domestic inquiry. High Court examined muster rolls and pay slips, holding the termination illegal and directing statutory relief. Ruling: Rejected.",Rejected,True
SYN_LAB_0198,labour_rights,unpaid_wages,Supreme Court,Synthetic Case: Group of rural workers deployed at a processing facility petitioned for 5 months of accrued unpaid wages. The employer claimed financial distress and crop yield loss justified delayed disbursements. Supreme Court affirmed that statutory minimum wage obligations under the Payment of Wages framework cannot be deferred or contingent on commercial profitability. Ruling: Partial.,Partial,True
SYN_LAB_0199,labour_rights,casual_labor_regularization,District Court,Synthetic Case: Daily-wage workers engaged continuously for over 8 years against sanctioned public works vacancies sought absorption into regular cadre. State authorities argued the initial recruitment lacked formal selection process. District Court evaluated unbroken service records and directed consideration for regularization under applicable public employment policies. Ruling: Accepted.,Accepted,True
SYN_LAB_0200,labour_rights,workplace_injury_compensation,High Court,"Synthetic Case: A sanitation worker suffered severe partial disability due to an unshielded machine unit at a rural plant. Management offered minor ex-gratia assistance while denying statutory liability under the Employee's Compensation Act. High Court evaluated medical disability certificates and loss of earning capacity, ordering full statutory compensation. Ruling: Rejected.",Rejected,True
SYN_LAB_0201,labour_rights,pf_gratuity_denial,Supreme Court,Synthetic Case: Retired seasonal employee denied terminal gratuity benefits on grounds that seasonal employment interrupted continuous service requirements. Supreme Court held that seasonal engagements meeting statutory minimum operational days satisfy the threshold under the Payment of Gratuity Act. Ruling: Partial.,Partial,True
SYN_LAB_0202,labour_rights,maternity_benefit_denial,District Court,Synthetic Case: Contractual female handloom worker was denied 26 weeks paid maternity leave and subsequently terminated upon applying for leave. Employer relied on private contract terms excluding statutory maternity benefits. District Court ruled that statutory entitlements under the Maternity Benefit Act override private contractual restrictions. Ruling: Accepted.,Accepted,True
SYN_LAB_0203,labour_rights,minimum_wage_violation,High Court,"Synthetic Case: Agricultural laborers demonstrated that cash wages paid by a commercial farm were lower than state-notified minimum wage rates, with unnotified deductions made for basic shelter. High Court prohibited unnotified wage deductions and directed back-pay calculation based on official minimum wage notifications. Ruling: Rejected.",Rejected,True
SYN_LAB_0204,labour_rights,contract_vs_permanent_dispute,Supreme Court,"Synthetic Case: Assembly line workers engaged via an intermediary labor contractor performed core operational tasks alongside permanent workers for half pay. Supreme Court found the contract labor arrangement to be a sham mechanism designed to evade equal pay mandates, directing parity in remuneration. Ruling: Partial.",Partial,True
SYN_LAB_0205,labour_rights,migrant_bonded_labor_exploitation,District Court,"Synthetic Case: Inter-state migrant laborers detained at a brick kiln due to alleged advance debt obligations filed for relief under the Bonded Labour System (Abolition) Act. District Court directed immediate release, cancellation of alleged debts, and state rehabilitation assistance. Ruling: Accepted.",Accepted,True
SYN_LAB_0206,labour_rights,overtime_wage_denial,High Court,Synthetic Case: Factory workers required to work 12-hour daily shifts without overtime payment petitioned under factories welfare rules. High Court verified shift logbooks and ordered payment of double-rate statutory overtime wages. Ruling: Rejected.,Rejected,True
SYN_LAB_0207,labour_rights,illegal_lockout_closure,Supreme Court,Synthetic Case: Industrial unit management instituted sudden site closure without serving 60 days prior statutory notice to the labor commissioner. Supreme Court declared the lockout illegal and awarded full wage continuity during the closure period. Ruling: Partial.,Partial,True
SYN_LAB_0208,labour_rights,trade_union_victimization,District Court,Synthetic Case: Union office-bearers were target-transferred to remote sites immediately following the submission of a collective bargaining charter. District Court held the transfers to be unfair labor practice intended to suppress union activities and issued stay orders. Ruling: Accepted.,Accepted,True
SYN_LAB_0209,labour_rights,apprentice_exploitation,High Court,Synthetic Case: Trainees engaged under apprentice designations were deployed on core production machinery for over 3 years without formal training or stipend adjustment. High Court recognized them as regular workmen entitled to statutory wage scales. Ruling: Rejected.,Rejected,True
SYN_LAB_0210,labour_rights,occupational_health_safety_violation,Supreme Court,"Synthetic Case: Quarry miners exposed to toxic dust petitioned regarding lack of personal protective equipment and regular health check-ups mandated under mines safety regulations. Supreme Court ordered immediate safety compliance, medical monitoring, and compensation for affected workers. Ruling: Partial.",Partial,True
SYN_LAB_0211,labour_rights,wrongful_termination,District Court,"Synthetic Case: A tea garden supervisor with continuous service for over 240 days in a calendar year was orally discharged without written notice, prior inquiry, or retrenchment compensation mandated under Section 25F of the Industrial Disputes Act. Management alleged performance issues without holding a domestic inquiry. District Court examined muster rolls and pay slips, holding the termination illegal and directing statutory relief. Ruling: Accepted.",Accepted,True
SYN_LAB_0212,labour_rights,unpaid_wages,High Court,Synthetic Case: Group of rural workers deployed at a processing facility petitioned for 5 months of accrued unpaid wages. The employer claimed financial distress and crop yield loss justified delayed disbursements. High Court affirmed that statutory minimum wage obligations under the Payment of Wages framework cannot be deferred or contingent on commercial profitability. Ruling: Rejected.,Rejected,True
SYN_LAB_0213,labour_rights,casual_labor_regularization,Supreme Court,Synthetic Case: Daily-wage workers engaged continuously for over 8 years against sanctioned public works vacancies sought absorption into regular cadre. State authorities argued the initial recruitment lacked formal selection process. Supreme Court evaluated unbroken service records and directed consideration for regularization under applicable public employment policies. Ruling: Partial.,Partial,True
SYN_LAB_0214,labour_rights,workplace_injury_compensation,District Court,"Synthetic Case: A sanitation worker suffered severe partial disability due to an unshielded machine unit at a rural plant. Management offered minor ex-gratia assistance while denying statutory liability under the Employee's Compensation Act. District Court evaluated medical disability certificates and loss of earning capacity, ordering full statutory compensation. Ruling: Accepted.",Accepted,True
SYN_LAB_0215,labour_rights,pf_gratuity_denial,High Court,Synthetic Case: Retired seasonal employee denied terminal gratuity benefits on grounds that seasonal employment interrupted continuous service requirements. High Court held that seasonal engagements meeting statutory minimum operational days satisfy the threshold under the Payment of Gratuity Act. Ruling: Rejected.,Rejected,True
SYN_LAB_0216,labour_rights,maternity_benefit_denial,Supreme Court,Synthetic Case: Contractual female warehouse helper was denied 26 weeks paid maternity leave and subsequently terminated upon applying for leave. Employer relied on private contract terms excluding statutory maternity benefits. Supreme Court ruled that statutory entitlements under the Maternity Benefit Act override private contractual restrictions. Ruling: Partial.,Partial,True
SYN_LAB_0217,labour_rights,minimum_wage_violation,District Court,"Synthetic Case: Agricultural laborers demonstrated that cash wages paid by a commercial farm were lower than state-notified minimum wage rates, with unnotified deductions made for basic shelter. District Court prohibited unnotified wage deductions and directed back-pay calculation based on official minimum wage notifications. Ruling: Accepted.",Accepted,True
SYN_LAB_0218,labour_rights,contract_vs_permanent_dispute,High Court,"Synthetic Case: Assembly line workers engaged via an intermediary labor contractor performed core operational tasks alongside permanent workers for half pay. High Court found the contract labor arrangement to be a sham mechanism designed to evade equal pay mandates, directing parity in remuneration. Ruling: Rejected.",Rejected,True
SYN_LAB_0219,labour_rights,migrant_bonded_labor_exploitation,Supreme Court,"Synthetic Case: Inter-state migrant laborers detained at a brick kiln due to alleged advance debt obligations filed for relief under the Bonded Labour System (Abolition) Act. Supreme Court directed immediate release, cancellation of alleged debts, and state rehabilitation assistance. Ruling: Partial.",Partial,True
SYN_LAB_0220,labour_rights,overtime_wage_denial,District Court,Synthetic Case: Factory workers required to work 12-hour daily shifts without overtime payment petitioned under factories welfare rules. District Court verified shift logbooks and ordered payment of double-rate statutory overtime wages. Ruling: Accepted.,Accepted,True
SYN_LAB_0221,labour_rights,illegal_lockout_closure,High Court,Synthetic Case: Industrial unit management instituted sudden site closure without serving 60 days prior statutory notice to the labor commissioner. High Court declared the lockout illegal and awarded full wage continuity during the closure period. Ruling: Rejected.,Rejected,True
SYN_LAB_0222,labour_rights,trade_union_victimization,Supreme Court,Synthetic Case: Union office-bearers were target-transferred to remote sites immediately following the submission of a collective bargaining charter. Supreme Court held the transfers to be unfair labor practice intended to suppress union activities and issued stay orders. Ruling: Partial.,Partial,True
SYN_LAB_0223,labour_rights,apprentice_exploitation,District Court,Synthetic Case: Trainees engaged under apprentice designations were deployed on core production machinery for over 3 years without formal training or stipend adjustment. District Court recognized them as regular workmen entitled to statutory wage scales. Ruling: Accepted.,Accepted,True
SYN_LAB_0224,labour_rights,occupational_health_safety_violation,High Court,"Synthetic Case: Quarry miners exposed to toxic dust petitioned regarding lack of personal protective equipment and regular health check-ups mandated under mines safety regulations. High Court ordered immediate safety compliance, medical monitoring, and compensation for affected workers. Ruling: Rejected.",Rejected,True
SYN_LAB_0225,labour_rights,wrongful_termination,Supreme Court,"Synthetic Case: A sugar mill technician with continuous service for over 240 days in a calendar year was orally discharged without written notice, prior inquiry, or retrenchment compensation mandated under Section 25F of the Industrial Disputes Act. Management alleged performance issues without holding a domestic inquiry. Supreme Court examined muster rolls and pay slips, holding the termination illegal and directing statutory relief. Ruling: Partial.",Partial,True
SYN_LAB_0226,labour_rights,unpaid_wages,District Court,Synthetic Case: Group of rural workers deployed at a processing facility petitioned for 5 months of accrued unpaid wages. The employer claimed financial distress and crop yield loss justified delayed disbursements. District Court affirmed that statutory minimum wage obligations under the Payment of Wages framework cannot be deferred or contingent on commercial profitability. Ruling: Accepted.,Accepted,True
SYN_LAB_0227,labour_rights,casual_labor_regularization,High Court,Synthetic Case: Daily-wage workers engaged continuously for over 8 years against sanctioned public works vacancies sought absorption into regular cadre. State authorities argued the initial recruitment lacked formal selection process. High Court evaluated unbroken service records and directed consideration for regularization under applicable public employment policies. Ruling: Rejected.,Rejected,True
SYN_LAB_0228,labour_rights,workplace_injury_compensation,Supreme Court,"Synthetic Case: A handloom worker suffered severe partial disability due to an unshielded machine unit at a rural plant. Management offered minor ex-gratia assistance while denying statutory liability under the Employee's Compensation Act. Supreme Court evaluated medical disability certificates and loss of earning capacity, ordering full statutory compensation. Ruling: Partial.",Partial,True
SYN_LAB_0229,labour_rights,pf_gratuity_denial,District Court,Synthetic Case: Retired seasonal employee denied terminal gratuity benefits on grounds that seasonal employment interrupted continuous service requirements. District Court held that seasonal engagements meeting statutory minimum operational days satisfy the threshold under the Payment of Gratuity Act. Ruling: Accepted.,Accepted,True
SYN_LAB_0230,labour_rights,maternity_benefit_denial,High Court,Synthetic Case: Contractual female tractor driver was denied 26 weeks paid maternity leave and subsequently terminated upon applying for leave. Employer relied on private contract terms excluding statutory maternity benefits. High Court ruled that statutory entitlements under the Maternity Benefit Act override private contractual restrictions. Ruling: Rejected.,Rejected,True
SYN_LAB_0231,labour_rights,minimum_wage_violation,Supreme Court,"Synthetic Case: Agricultural laborers demonstrated that cash wages paid by a commercial farm were lower than state-notified minimum wage rates, with unnotified deductions made for basic shelter. Supreme Court prohibited unnotified wage deductions and directed back-pay calculation based on official minimum wage notifications. Ruling: Partial.",Partial,True
SYN_LAB_0232,labour_rights,contract_vs_permanent_dispute,District Court,"Synthetic Case: Assembly line workers engaged via an intermediary labor contractor performed core operational tasks alongside permanent workers for half pay. District Court found the contract labor arrangement to be a sham mechanism designed to evade equal pay mandates, directing parity in remuneration. Ruling: Accepted.",Accepted,True
SYN_LAB_0233,labour_rights,migrant_bonded_labor_exploitation,High Court,"Synthetic Case: Inter-state migrant laborers detained at a brick kiln due to alleged advance debt obligations filed for relief under the Bonded Labour System (Abolition) Act. High Court directed immediate release, cancellation of alleged debts, and state rehabilitation assistance. Ruling: Rejected.",Rejected,True
SYN_LAB_0234,labour_rights,overtime_wage_denial,Supreme Court,Synthetic Case: Factory workers required to work 12-hour daily shifts without overtime payment petitioned under factories welfare rules. Supreme Court verified shift logbooks and ordered payment of double-rate statutory overtime wages. Ruling: Partial.,Partial,True
SYN_LAB_0235,labour_rights,illegal_lockout_closure,District Court,Synthetic Case: Industrial unit management instituted sudden site closure without serving 60 days prior statutory notice to the labor commissioner. District Court declared the lockout illegal and awarded full wage continuity during the closure period. Ruling: Accepted.,Accepted,True
SYN_LAB_0236,labour_rights,trade_union_victimization,High Court,Synthetic Case: Union office-bearers were target-transferred to remote sites immediately following the submission of a collective bargaining charter. High Court held the transfers to be unfair labor practice intended to suppress union activities and issued stay orders. Ruling: Rejected.,Rejected,True
SYN_LAB_0237,labour_rights,apprentice_exploitation,Supreme Court,Synthetic Case: Trainees engaged under apprentice designations were deployed on core production machinery for over 3 years without formal training or stipend adjustment. Supreme Court recognized them as regular workmen entitled to statutory wage scales. Ruling: Partial.,Partial,True
SYN_LAB_0238,labour_rights,occupational_health_safety_violation,District Court,"Synthetic Case: Quarry miners exposed to toxic dust petitioned regarding lack of personal protective equipment and regular health check-ups mandated under mines safety regulations. District Court ordered immediate safety compliance, medical monitoring, and compensation for affected workers. Ruling: Accepted.",Accepted,True
SYN_LAB_0239,labour_rights,wrongful_termination,High Court,"Synthetic Case: A stone quarry miner with continuous service for over 240 days in a calendar year was orally discharged without written notice, prior inquiry, or retrenchment compensation mandated under Section 25F of the Industrial Disputes Act. Management alleged performance issues without holding a domestic inquiry. High Court examined muster rolls and pay slips, holding the termination illegal and directing statutory relief. Ruling: Rejected.",Rejected,True
SYN_LAB_0240,labour_rights,unpaid_wages,Supreme Court,Synthetic Case: Group of rural workers deployed at a processing facility petitioned for 5 months of accrued unpaid wages. The employer claimed financial distress and crop yield loss justified delayed disbursements. Supreme Court affirmed that statutory minimum wage obligations under the Payment of Wages framework cannot be deferred or contingent on commercial profitability. Ruling: Partial.,Partial,True
SYN_LAB_0241,labour_rights,casual_labor_regularization,District Court,Synthetic Case: Daily-wage workers engaged continuously for over 8 years against sanctioned public works vacancies sought absorption into regular cadre. State authorities argued the initial recruitment lacked formal selection process. District Court evaluated unbroken service records and directed consideration for regularization under applicable public employment policies. Ruling: Accepted.,Accepted,True
SYN_LAB_0242,labour_rights,workplace_injury_compensation,High Court,"Synthetic Case: A brick kiln loader suffered severe partial disability due to an unshielded machine unit at a rural plant. Management offered minor ex-gratia assistance while denying statutory liability under the Employee's Compensation Act. High Court evaluated medical disability certificates and loss of earning capacity, ordering full statutory compensation. Ruling: Rejected.",Rejected,True
SYN_LAB_0243,labour_rights,pf_gratuity_denial,Supreme Court,Synthetic Case: Retired seasonal employee denied terminal gratuity benefits on grounds that seasonal employment interrupted continuous service requirements. Supreme Court held that seasonal engagements meeting statutory minimum operational days satisfy the threshold under the Payment of Gratuity Act. Ruling: Partial.,Partial,True
SYN_LAB_0244,labour_rights,maternity_benefit_denial,District Court,Synthetic Case: Contractual female rice mill operator was denied 26 weeks paid maternity leave and subsequently terminated upon applying for leave. Employer relied on private contract terms excluding statutory maternity benefits. District Court ruled that statutory entitlements under the Maternity Benefit Act override private contractual restrictions. Ruling: Accepted.,Accepted,True
SYN_LAB_0245,labour_rights,minimum_wage_violation,High Court,"Synthetic Case: Agricultural laborers demonstrated that cash wages paid by a commercial farm were lower than state-notified minimum wage rates, with unnotified deductions made for basic shelter. High Court prohibited unnotified wage deductions and directed back-pay calculation based on official minimum wage notifications. Ruling: Rejected.",Rejected,True
SYN_LAB_0246,labour_rights,contract_vs_permanent_dispute,Supreme Court,"Synthetic Case: Assembly line workers engaged via an intermediary labor contractor performed core operational tasks alongside permanent workers for half pay. Supreme Court found the contract labor arrangement to be a sham mechanism designed to evade equal pay mandates, directing parity in remuneration. Ruling: Partial.",Partial,True
SYN_LAB_0247,labour_rights,migrant_bonded_labor_exploitation,District Court,"Synthetic Case: Inter-state migrant laborers detained at a brick kiln due to alleged advance debt obligations filed for relief under the Bonded Labour System (Abolition) Act. District Court directed immediate release, cancellation of alleged debts, and state rehabilitation assistance. Ruling: Accepted.",Accepted,True
SYN_LAB_0248,labour_rights,overtime_wage_denial,High Court,Synthetic Case: Factory workers required to work 12-hour daily shifts without overtime payment petitioned under factories welfare rules. High Court verified shift logbooks and ordered payment of double-rate statutory overtime wages. Ruling: Rejected.,Rejected,True
SYN_LAB_0249,labour_rights,illegal_lockout_closure,Supreme Court,Synthetic Case: Industrial unit management instituted sudden site closure without serving 60 days prior statutory notice to the labor commissioner. Supreme Court declared the lockout illegal and awarded full wage continuity during the closure period. Ruling: Partial.,Partial,True
SYN_LAB_0250,labour_rights,trade_union_victimization,District Court,Synthetic Case: Union office-bearers were target-transferred to remote sites immediately following the submission of a collective bargaining charter. District Court held the transfers to be unfair labor practice intended to suppress union activities and issued stay orders. Ruling: Accepted.,Accepted,True
SYN_CRI_0001,crime,assault_hurt,District Court,Synthetic Case: Altercation between agricultural neighbors over irrigation water flow led to voluntary causing of hurt with blunt implements. Defense argued private defense without supporting physical evidence. District Court relied on medical injury certificates and neutral eyewitness statements to assess criminal liability for hurt. Ruling: Accepted.,Accepted,True
SYN_CRI_0002,crime,criminal_intimidation,High Court,Synthetic Case: Complainant reported repeated verbal threats of bodily harm and destruction of standing crops made by a paternal uncle during loan recovery demands. Neutral witness testimony corroborated the threats. High Court analyzed whether the acts constituted criminal intimidation intended to cause alarm. Ruling: Rejected.,Rejected,True
SYN_CRI_0003,crime,theft,Supreme Court,Synthetic Case: Allegation of theft involving agricultural water pump machinery from a field shed. Stolen equipment was subsequently recovered from the accused's premises based on serial identification marks. Supreme Court examined possession of stolen property and chain of custody evidence. Ruling: Partial.,Partial,True
SYN_CRI_0004,crime,cheating_fraud,District Court,Synthetic Case: Accused collected advance cash deposits from rural youth promising guaranteed government job placements using forged sanction letters. District Court reviewed financial transaction evidence and established dishonest inducement from inception under cheating provisions. Ruling: Accepted.,Accepted,True
SYN_CRI_0005,crime,criminal_trespass,High Court,"Synthetic Case: Accused forcibly entered fenced private farm property post-sunset following a boundary altercation, attempting to alter land boundary markers. High Court verified unauthorized physical entry with intent to commit an offense or intimidate the lawful possessor. Ruling: Rejected.",Rejected,True
SYN_CRI_0006,crime,public_nuisance,Supreme Court,"Synthetic Case: Residents petitioned against an unauthorized stone crushing unit operating near residential dwellings, citing excessive dust and noise pollution beyond permissible health limits. Supreme Court ordered compliance with environmental standards and public nuisance restrictions. Ruling: Partial.",Partial,True
SYN_CRI_0007,crime,extortion_demands,District Court,Synthetic Case: Local shopkeeper filed complaint alleging monthly unlawful monetary demands under threat of business disruption by a village group. District Court evaluated digital call recordings and witness testimony to affirm extortion charges. Ruling: Accepted.,Accepted,True
SYN_CRI_0008,crime,mischief_property_damage,High Court,"Synthetic Case: Accused intentionally breached an embankment wall during heavy rains, causing flooding and damage to complainant's standing standing crops. High Court assessed physical inspection reports establishing intentional property damage under mischief provisions. Ruling: Rejected.",Rejected,True
SYN_CRI_0009,crime,forgery_falsification_documents,Supreme Court,Synthetic Case: Forged signature discovered on a rural land sale deed submitted for revenue registration. Forensic handwriting analysis confirmed falsification. Supreme Court held deed void and initiated criminal proceedings for document forgery. Ruling: Partial.,Partial,True
SYN_CRI_0010,crime,unlawful_assembly_rioting,District Court,Synthetic Case: Group altercation during village fair led to public property damage and minor injuries. Prosecution established common object of unlawful assembly. District Court evaluated individual roles and witness identification. Ruling: Accepted.,Accepted,True
SYN_CRI_0011,crime,receiving_stolen_property,High Court,Synthetic Case: Seizure of stolen solar panel equipment from a trader's shop. Trader claimed bona fide purchase without knowledge of theft. High Court evaluated purchase price disparity and lack of valid bills to establish constructive knowledge under stolen property receiving laws. Ruling: Rejected.,Rejected,True
SYN_CRI_0012,crime,assault_hurt,Supreme Court,Synthetic Case: Altercation between agricultural neighbors over irrigation water flow led to voluntary causing of hurt with blunt implements. Defense argued private defense without supporting physical evidence. Supreme Court relied on medical injury certificates and neutral eyewitness statements to assess criminal liability for hurt. Ruling: Partial.,Partial,True
SYN_CRI_0013,crime,criminal_intimidation,District Court,Synthetic Case: Complainant reported repeated verbal threats of bodily harm and destruction of standing crops made by a former business partner during loan recovery demands. Neutral witness testimony corroborated the threats. District Court analyzed whether the acts constituted criminal intimidation intended to cause alarm. Ruling: Accepted.,Accepted,True
SYN_CRI_0014,crime,theft,High Court,Synthetic Case: Allegation of theft involving agricultural water pump machinery from a field shed. Stolen equipment was subsequently recovered from the accused's premises based on serial identification marks. High Court examined possession of stolen property and chain of custody evidence. Ruling: Rejected.,Rejected,True
SYN_CRI_0015,crime,cheating_fraud,Supreme Court,Synthetic Case: Accused collected advance cash deposits from rural youth promising guaranteed government job placements using forged sanction letters. Supreme Court reviewed financial transaction evidence and established dishonest inducement from inception under cheating provisions. Ruling: Partial.,Partial,True
SYN_CRI_0016,crime,criminal_trespass,District Court,"Synthetic Case: Accused forcibly entered fenced private farm property post-sunset following a boundary altercation, attempting to alter land boundary markers. District Court verified unauthorized physical entry with intent to commit an offense or intimidate the lawful possessor. Ruling: Accepted.",Accepted,True
SYN_CRI_0017,crime,public_nuisance,High Court,"Synthetic Case: Residents petitioned against an unauthorized stone crushing unit operating near residential dwellings, citing excessive dust and noise pollution beyond permissible health limits. High Court ordered compliance with environmental standards and public nuisance restrictions. Ruling: Rejected.",Rejected,True
SYN_CRI_0018,crime,extortion_demands,Supreme Court,Synthetic Case: Local shopkeeper filed complaint alleging monthly unlawful monetary demands under threat of business disruption by a village group. Supreme Court evaluated digital call recordings and witness testimony to affirm extortion charges. Ruling: Partial.,Partial,True
SYN_CRI_0019,crime,mischief_property_damage,District Court,"Synthetic Case: Accused intentionally breached an embankment wall during heavy rains, causing flooding and damage to complainant's standing standing crops. District Court assessed physical inspection reports establishing intentional property damage under mischief provisions. Ruling: Accepted.",Accepted,True
SYN_CRI_0020,crime,forgery_falsification_documents,High Court,Synthetic Case: Forged signature discovered on a rural land sale deed submitted for revenue registration. Forensic handwriting analysis confirmed falsification. High Court held deed void and initiated criminal proceedings for document forgery. Ruling: Rejected.,Rejected,True
SYN_CRI_0021,crime,unlawful_assembly_rioting,Supreme Court,Synthetic Case: Group altercation during village fair led to public property damage and minor injuries. Prosecution established common object of unlawful assembly. Supreme Court evaluated individual roles and witness identification. Ruling: Partial.,Partial,True
SYN_CRI_0022,crime,receiving_stolen_property,District Court,Synthetic Case: Seizure of stolen solar panel equipment from a trader's shop. Trader claimed bona fide purchase without knowledge of theft. District Court evaluated purchase price disparity and lack of valid bills to establish constructive knowledge under stolen property receiving laws. Ruling: Accepted.,Accepted,True
SYN_CRI_0023,crime,assault_hurt,High Court,Synthetic Case: Altercation between agricultural neighbors over irrigation water flow led to voluntary causing of hurt with blunt implements. Defense argued private defense without supporting physical evidence. High Court relied on medical injury certificates and neutral eyewitness statements to assess criminal liability for hurt. Ruling: Rejected.,Rejected,True
SYN_CRI_0024,crime,criminal_intimidation,Supreme Court,Synthetic Case: Complainant reported repeated verbal threats of bodily harm and destruction of standing crops made by a village contractor during loan recovery demands. Neutral witness testimony corroborated the threats. Supreme Court analyzed whether the acts constituted criminal intimidation intended to cause alarm. Ruling: Partial.,Partial,True
SYN_CRI_0025,crime,theft,District Court,Synthetic Case: Allegation of theft involving agricultural water pump machinery from a field shed. Stolen equipment was subsequently recovered from the accused's premises based on serial identification marks. District Court examined possession of stolen property and chain of custody evidence. Ruling: Accepted.,Accepted,True
SYN_CRI_0026,crime,cheating_fraud,High Court,Synthetic Case: Accused collected advance cash deposits from rural youth promising guaranteed government job placements using forged sanction letters. High Court reviewed financial transaction evidence and established dishonest inducement from inception under cheating provisions. Ruling: Rejected.,Rejected,True
SYN_CRI_0027,crime,criminal_trespass,Supreme Court,"Synthetic Case: Accused forcibly entered fenced private farm property post-sunset following a boundary altercation, attempting to alter land boundary markers. Supreme Court verified unauthorized physical entry with intent to commit an offense or intimidate the lawful possessor. Ruling: Partial.",Partial,True
SYN_CRI_0028,crime,public_nuisance,District Court,"Synthetic Case: Residents petitioned against an unauthorized stone crushing unit operating near residential dwellings, citing excessive dust and noise pollution beyond permissible health limits. District Court ordered compliance with environmental standards and public nuisance restrictions. Ruling: Accepted.",Accepted,True
SYN_CRI_0029,crime,extortion_demands,High Court,Synthetic Case: Local shopkeeper filed complaint alleging monthly unlawful monetary demands under threat of business disruption by a village group. High Court evaluated digital call recordings and witness testimony to affirm extortion charges. Ruling: Rejected.,Rejected,True
SYN_CRI_0030,crime,mischief_property_damage,Supreme Court,"Synthetic Case: Accused intentionally breached an embankment wall during heavy rains, causing flooding and damage to complainant's standing standing crops. Supreme Court assessed physical inspection reports establishing intentional property damage under mischief provisions. Ruling: Partial.",Partial,True
SYN_CRI_0031,crime,forgery_falsification_documents,District Court,Synthetic Case: Forged signature discovered on a rural land sale deed submitted for revenue registration. Forensic handwriting analysis confirmed falsification. District Court held deed void and initiated criminal proceedings for document forgery. Ruling: Accepted.,Accepted,True
SYN_CRI_0032,crime,unlawful_assembly_rioting,High Court,Synthetic Case: Group altercation during village fair led to public property damage and minor injuries. Prosecution established common object of unlawful assembly. High Court evaluated individual roles and witness identification. Ruling: Rejected.,Rejected,True
SYN_CRI_0033,crime,receiving_stolen_property,Supreme Court,Synthetic Case: Seizure of stolen solar panel equipment from a trader's shop. Trader claimed bona fide purchase without knowledge of theft. Supreme Court evaluated purchase price disparity and lack of valid bills to establish constructive knowledge under stolen property receiving laws. Ruling: Partial.,Partial,True
SYN_CRI_0034,crime,assault_hurt,District Court,Synthetic Case: Altercation between agricultural neighbors over irrigation water flow led to voluntary causing of hurt with blunt implements. Defense argued private defense without supporting physical evidence. District Court relied on medical injury certificates and neutral eyewitness statements to assess criminal liability for hurt. Ruling: Accepted.,Accepted,True
SYN_CRI_0035,crime,criminal_intimidation,High Court,Synthetic Case: Complainant reported repeated verbal threats of bodily harm and destruction of standing crops made by a former business partner during loan recovery demands. Neutral witness testimony corroborated the threats. High Court analyzed whether the acts constituted criminal intimidation intended to cause alarm. Ruling: Rejected.,Rejected,True
SYN_CRI_0036,crime,theft,Supreme Court,Synthetic Case: Allegation of theft involving agricultural water pump machinery from a field shed. Stolen equipment was subsequently recovered from the accused's premises based on serial identification marks. Supreme Court examined possession of stolen property and chain of custody evidence. Ruling: Partial.,Partial,True
SYN_CRI_0037,crime,cheating_fraud,District Court,Synthetic Case: Accused collected advance cash deposits from rural youth promising guaranteed government job placements using forged sanction letters. District Court reviewed financial transaction evidence and established dishonest inducement from inception under cheating provisions. Ruling: Accepted.,Accepted,True
SYN_CRI_0038,crime,criminal_trespass,High Court,"Synthetic Case: Accused forcibly entered fenced private farm property post-sunset following a boundary altercation, attempting to alter land boundary markers. High Court verified unauthorized physical entry with intent to commit an offense or intimidate the lawful possessor. Ruling: Rejected.",Rejected,True
SYN_CRI_0039,crime,public_nuisance,Supreme Court,"Synthetic Case: Residents petitioned against an unauthorized stone crushing unit operating near residential dwellings, citing excessive dust and noise pollution beyond permissible health limits. Supreme Court ordered compliance with environmental standards and public nuisance restrictions. Ruling: Partial.",Partial,True
SYN_CRI_0040,crime,extortion_demands,District Court,Synthetic Case: Local shopkeeper filed complaint alleging monthly unlawful monetary demands under threat of business disruption by a village group. District Court evaluated digital call recordings and witness testimony to affirm extortion charges. Ruling: Accepted.,Accepted,True
SYN_CRI_0041,crime,mischief_property_damage,High Court,"Synthetic Case: Accused intentionally breached an embankment wall during heavy rains, causing flooding and damage to complainant's standing standing crops. High Court assessed physical inspection reports establishing intentional property damage under mischief provisions. Ruling: Rejected.",Rejected,True
SYN_CRI_0042,crime,forgery_falsification_documents,Supreme Court,Synthetic Case: Forged signature discovered on a rural land sale deed submitted for revenue registration. Forensic handwriting analysis confirmed falsification. Supreme Court held deed void and initiated criminal proceedings for document forgery. Ruling: Partial.,Partial,True
SYN_CRI_0043,crime,unlawful_assembly_rioting,District Court,Synthetic Case: Group altercation during village fair led to public property damage and minor injuries. Prosecution established common object of unlawful assembly. District Court evaluated individual roles and witness identification. Ruling: Accepted.,Accepted,True
SYN_CRI_0044,crime,receiving_stolen_property,High Court,Synthetic Case: Seizure of stolen solar panel equipment from a trader's shop. Trader claimed bona fide purchase without knowledge of theft. High Court evaluated purchase price disparity and lack of valid bills to establish constructive knowledge under stolen property receiving laws. Ruling: Rejected.,Rejected,True
SYN_CRI_0045,crime,assault_hurt,Supreme Court,Synthetic Case: Altercation between agricultural neighbors over irrigation water flow led to voluntary causing of hurt with blunt implements. Defense argued private defense without supporting physical evidence. Supreme Court relied on medical injury certificates and neutral eyewitness statements to assess criminal liability for hurt. Ruling: Partial.,Partial,True
SYN_CRI_0046,crime,criminal_intimidation,District Court,Synthetic Case: Complainant reported repeated verbal threats of bodily harm and destruction of standing crops made by a paternal uncle during loan recovery demands. Neutral witness testimony corroborated the threats. District Court analyzed whether the acts constituted criminal intimidation intended to cause alarm. Ruling: Accepted.,Accepted,True
SYN_CRI_0047,crime,theft,High Court,Synthetic Case: Allegation of theft involving agricultural water pump machinery from a field shed. Stolen equipment was subsequently recovered from the accused's premises based on serial identification marks. High Court examined possession of stolen property and chain of custody evidence. Ruling: Rejected.,Rejected,True
SYN_CRI_0048,crime,cheating_fraud,Supreme Court,Synthetic Case: Accused collected advance cash deposits from rural youth promising guaranteed government job placements using forged sanction letters. Supreme Court reviewed financial transaction evidence and established dishonest inducement from inception under cheating provisions. Ruling: Partial.,Partial,True
SYN_CRI_0049,crime,criminal_trespass,District Court,"Synthetic Case: Accused forcibly entered fenced private farm property post-sunset following a boundary altercation, attempting to alter land boundary markers. District Court verified unauthorized physical entry with intent to commit an offense or intimidate the lawful possessor. Ruling: Accepted.",Accepted,True
SYN_CRI_0050,crime,public_nuisance,High Court,"Synthetic Case: Residents petitioned against an unauthorized stone crushing unit operating near residential dwellings, citing excessive dust and noise pollution beyond permissible health limits. High Court ordered compliance with environmental standards and public nuisance restrictions. Ruling: Rejected.",Rejected,True
SYN_CRI_0051,crime,extortion_demands,Supreme Court,Synthetic Case: Local shopkeeper filed complaint alleging monthly unlawful monetary demands under threat of business disruption by a village group. Supreme Court evaluated digital call recordings and witness testimony to affirm extortion charges. Ruling: Partial.,Partial,True
SYN_CRI_0052,crime,mischief_property_damage,District Court,"Synthetic Case: Accused intentionally breached an embankment wall during heavy rains, causing flooding and damage to complainant's standing standing crops. District Court assessed physical inspection reports establishing intentional property damage under mischief provisions. Ruling: Accepted.",Accepted,True
SYN_CRI_0053,crime,forgery_falsification_documents,High Court,Synthetic Case: Forged signature discovered on a rural land sale deed submitted for revenue registration. Forensic handwriting analysis confirmed falsification. High Court held deed void and initiated criminal proceedings for document forgery. Ruling: Rejected.,Rejected,True
SYN_CRI_0054,crime,unlawful_assembly_rioting,Supreme Court,Synthetic Case: Group altercation during village fair led to public property damage and minor injuries. Prosecution established common object of unlawful assembly. Supreme Court evaluated individual roles and witness identification. Ruling: Partial.,Partial,True
SYN_CRI_0055,crime,receiving_stolen_property,District Court,Synthetic Case: Seizure of stolen solar panel equipment from a trader's shop. Trader claimed bona fide purchase without knowledge of theft. District Court evaluated purchase price disparity and lack of valid bills to establish constructive knowledge under stolen property receiving laws. Ruling: Accepted.,Accepted,True
SYN_CRI_0056,crime,assault_hurt,High Court,Synthetic Case: Altercation between agricultural neighbors over irrigation water flow led to voluntary causing of hurt with blunt implements. Defense argued private defense without supporting physical evidence. High Court relied on medical injury certificates and neutral eyewitness statements to assess criminal liability for hurt. Ruling: Rejected.,Rejected,True
SYN_CRI_0057,crime,criminal_intimidation,Supreme Court,Synthetic Case: Complainant reported repeated verbal threats of bodily harm and destruction of standing crops made by a former business partner during loan recovery demands. Neutral witness testimony corroborated the threats. Supreme Court analyzed whether the acts constituted criminal intimidation intended to cause alarm. Ruling: Partial.,Partial,True
SYN_CRI_0058,crime,theft,District Court,Synthetic Case: Allegation of theft involving agricultural water pump machinery from a field shed. Stolen equipment was subsequently recovered from the accused's premises based on serial identification marks. District Court examined possession of stolen property and chain of custody evidence. Ruling: Accepted.,Accepted,True
SYN_CRI_0059,crime,cheating_fraud,High Court,Synthetic Case: Accused collected advance cash deposits from rural youth promising guaranteed government job placements using forged sanction letters. High Court reviewed financial transaction evidence and established dishonest inducement from inception under cheating provisions. Ruling: Rejected.,Rejected,True
SYN_CRI_0060,crime,criminal_trespass,Supreme Court,"Synthetic Case: Accused forcibly entered fenced private farm property post-sunset following a boundary altercation, attempting to alter land boundary markers. Supreme Court verified unauthorized physical entry with intent to commit an offense or intimidate the lawful possessor. Ruling: Partial.",Partial,True
SYN_CRI_0061,crime,public_nuisance,District Court,"Synthetic Case: Residents petitioned against an unauthorized stone crushing unit operating near residential dwellings, citing excessive dust and noise pollution beyond permissible health limits. District Court ordered compliance with environmental standards and public nuisance restrictions. Ruling: Accepted.",Accepted,True
SYN_CRI_0062,crime,extortion_demands,High Court,Synthetic Case: Local shopkeeper filed complaint alleging monthly unlawful monetary demands under threat of business disruption by a village group. High Court evaluated digital call recordings and witness testimony to affirm extortion charges. Ruling: Rejected.,Rejected,True
SYN_CRI_0063,crime,mischief_property_damage,Supreme Court,"Synthetic Case: Accused intentionally breached an embankment wall during heavy rains, causing flooding and damage to complainant's standing standing crops. Supreme Court assessed physical inspection reports establishing intentional property damage under mischief provisions. Ruling: Partial.",Partial,True
SYN_CRI_0064,crime,forgery_falsification_documents,District Court,Synthetic Case: Forged signature discovered on a rural land sale deed submitted for revenue registration. Forensic handwriting analysis confirmed falsification. District Court held deed void and initiated criminal proceedings for document forgery. Ruling: Accepted.,Accepted,True
SYN_CRI_0065,crime,unlawful_assembly_rioting,High Court,Synthetic Case: Group altercation during village fair led to public property damage and minor injuries. Prosecution established common object of unlawful assembly. High Court evaluated individual roles and witness identification. Ruling: Rejected.,Rejected,True
SYN_CRI_0066,crime,receiving_stolen_property,Supreme Court,Synthetic Case: Seizure of stolen solar panel equipment from a trader's shop. Trader claimed bona fide purchase without knowledge of theft. Supreme Court evaluated purchase price disparity and lack of valid bills to establish constructive knowledge under stolen property receiving laws. Ruling: Partial.,Partial,True
SYN_CRI_0067,crime,assault_hurt,District Court,Synthetic Case: Altercation between agricultural neighbors over irrigation water flow led to voluntary causing of hurt with blunt implements. Defense argued private defense without supporting physical evidence. District Court relied on medical injury certificates and neutral eyewitness statements to assess criminal liability for hurt. Ruling: Accepted.,Accepted,True
SYN_CRI_0068,crime,criminal_intimidation,High Court,Synthetic Case: Complainant reported repeated verbal threats of bodily harm and destruction of standing crops made by a village contractor during loan recovery demands. Neutral witness testimony corroborated the threats. High Court analyzed whether the acts constituted criminal intimidation intended to cause alarm. Ruling: Rejected.,Rejected,True
SYN_CRI_0069,crime,theft,Supreme Court,Synthetic Case: Allegation of theft involving agricultural water pump machinery from a field shed. Stolen equipment was subsequently recovered from the accused's premises based on serial identification marks. Supreme Court examined possession of stolen property and chain of custody evidence. Ruling: Partial.,Partial,True
SYN_CRI_0070,crime,cheating_fraud,District Court,Synthetic Case: Accused collected advance cash deposits from rural youth promising guaranteed government job placements using forged sanction letters. District Court reviewed financial transaction evidence and established dishonest inducement from inception under cheating provisions. Ruling: Accepted.,Accepted,True
SYN_CRI_0071,crime,criminal_trespass,High Court,"Synthetic Case: Accused forcibly entered fenced private farm property post-sunset following a boundary altercation, attempting to alter land boundary markers. High Court verified unauthorized physical entry with intent to commit an offense or intimidate the lawful possessor. Ruling: Rejected.",Rejected,True
SYN_CRI_0072,crime,public_nuisance,Supreme Court,"Synthetic Case: Residents petitioned against an unauthorized stone crushing unit operating near residential dwellings, citing excessive dust and noise pollution beyond permissible health limits. Supreme Court ordered compliance with environmental standards and public nuisance restrictions. Ruling: Partial.",Partial,True
SYN_CRI_0073,crime,extortion_demands,District Court,Synthetic Case: Local shopkeeper filed complaint alleging monthly unlawful monetary demands under threat of business disruption by a village group. District Court evaluated digital call recordings and witness testimony to affirm extortion charges. Ruling: Accepted.,Accepted,True
SYN_CRI_0074,crime,mischief_property_damage,High Court,"Synthetic Case: Accused intentionally breached an embankment wall during heavy rains, causing flooding and damage to complainant's standing standing crops. High Court assessed physical inspection reports establishing intentional property damage under mischief provisions. Ruling: Rejected.",Rejected,True
SYN_CRI_0075,crime,forgery_falsification_documents,Supreme Court,Synthetic Case: Forged signature discovered on a rural land sale deed submitted for revenue registration. Forensic handwriting analysis confirmed falsification. Supreme Court held deed void and initiated criminal proceedings for document forgery. Ruling: Partial.,Partial,True
SYN_CRI_0076,crime,unlawful_assembly_rioting,District Court,Synthetic Case: Group altercation during village fair led to public property damage and minor injuries. Prosecution established common object of unlawful assembly. District Court evaluated individual roles and witness identification. Ruling: Accepted.,Accepted,True
SYN_CRI_0077,crime,receiving_stolen_property,High Court,Synthetic Case: Seizure of stolen solar panel equipment from a trader's shop. Trader claimed bona fide purchase without knowledge of theft. High Court evaluated purchase price disparity and lack of valid bills to establish constructive knowledge under stolen property receiving laws. Ruling: Rejected.,Rejected,True
SYN_CRI_0078,crime,assault_hurt,Supreme Court,Synthetic Case: Altercation between agricultural neighbors over irrigation water flow led to voluntary causing of hurt with blunt implements. Defense argued private defense without supporting physical evidence. Supreme Court relied on medical injury certificates and neutral eyewitness statements to assess criminal liability for hurt. Ruling: Partial.,Partial,True
SYN_CRI_0079,crime,criminal_intimidation,District Court,Synthetic Case: Complainant reported repeated verbal threats of bodily harm and destruction of standing crops made by a local moneylender during loan recovery demands. Neutral witness testimony corroborated the threats. District Court analyzed whether the acts constituted criminal intimidation intended to cause alarm. Ruling: Accepted.,Accepted,True
SYN_CRI_0080,crime,theft,High Court,Synthetic Case: Allegation of theft involving agricultural water pump machinery from a field shed. Stolen equipment was subsequently recovered from the accused's premises based on serial identification marks. High Court examined possession of stolen property and chain of custody evidence. Ruling: Rejected.,Rejected,True
SYN_CRI_0081,crime,cheating_fraud,Supreme Court,Synthetic Case: Accused collected advance cash deposits from rural youth promising guaranteed government job placements using forged sanction letters. Supreme Court reviewed financial transaction evidence and established dishonest inducement from inception under cheating provisions. Ruling: Partial.,Partial,True
SYN_CRI_0082,crime,criminal_trespass,District Court,"Synthetic Case: Accused forcibly entered fenced private farm property post-sunset following a boundary altercation, attempting to alter land boundary markers. District Court verified unauthorized physical entry with intent to commit an offense or intimidate the lawful possessor. Ruling: Accepted.",Accepted,True
SYN_CRI_0083,crime,public_nuisance,High Court,"Synthetic Case: Residents petitioned against an unauthorized stone crushing unit operating near residential dwellings, citing excessive dust and noise pollution beyond permissible health limits. High Court ordered compliance with environmental standards and public nuisance restrictions. Ruling: Rejected.",Rejected,True
SYN_CRI_0084,crime,extortion_demands,Supreme Court,Synthetic Case: Local shopkeeper filed complaint alleging monthly unlawful monetary demands under threat of business disruption by a village group. Supreme Court evaluated digital call recordings and witness testimony to affirm extortion charges. Ruling: Partial.,Partial,True
SYN_CRI_0085,crime,mischief_property_damage,District Court,"Synthetic Case: Accused intentionally breached an embankment wall during heavy rains, causing flooding and damage to complainant's standing standing crops. District Court assessed physical inspection reports establishing intentional property damage under mischief provisions. Ruling: Accepted.",Accepted,True
SYN_CRI_0086,crime,forgery_falsification_documents,High Court,Synthetic Case: Forged signature discovered on a rural land sale deed submitted for revenue registration. Forensic handwriting analysis confirmed falsification. High Court held deed void and initiated criminal proceedings for document forgery. Ruling: Rejected.,Rejected,True
SYN_CRI_0087,crime,unlawful_assembly_rioting,Supreme Court,Synthetic Case: Group altercation during village fair led to public property damage and minor injuries. Prosecution established common object of unlawful assembly. Supreme Court evaluated individual roles and witness identification. Ruling: Partial.,Partial,True
SYN_CRI_0088,crime,receiving_stolen_property,District Court,Synthetic Case: Seizure of stolen solar panel equipment from a trader's shop. Trader claimed bona fide purchase without knowledge of theft. District Court evaluated purchase price disparity and lack of valid bills to establish constructive knowledge under stolen property receiving laws. Ruling: Accepted.,Accepted,True
SYN_CRI_0089,crime,assault_hurt,High Court,Synthetic Case: Altercation between agricultural neighbors over irrigation water flow led to voluntary causing of hurt with blunt implements. Defense argued private defense without supporting physical evidence. High Court relied on medical injury certificates and neutral eyewitness statements to assess criminal liability for hurt. Ruling: Rejected.,Rejected,True
SYN_CRI_0090,crime,criminal_intimidation,Supreme Court,Synthetic Case: Complainant reported repeated verbal threats of bodily harm and destruction of standing crops made by a paternal uncle during loan recovery demands. Neutral witness testimony corroborated the threats. Supreme Court analyzed whether the acts constituted criminal intimidation intended to cause alarm. Ruling: Partial.,Partial,True
SYN_CRI_0091,crime,theft,District Court,Synthetic Case: Allegation of theft involving agricultural water pump machinery from a field shed. Stolen equipment was subsequently recovered from the accused's premises based on serial identification marks. District Court examined possession of stolen property and chain of custody evidence. Ruling: Accepted.,Accepted,True
SYN_CRI_0092,crime,cheating_fraud,High Court,Synthetic Case: Accused collected advance cash deposits from rural youth promising guaranteed government job placements using forged sanction letters. High Court reviewed financial transaction evidence and established dishonest inducement from inception under cheating provisions. Ruling: Rejected.,Rejected,True
SYN_CRI_0093,crime,criminal_trespass,Supreme Court,"Synthetic Case: Accused forcibly entered fenced private farm property post-sunset following a boundary altercation, attempting to alter land boundary markers. Supreme Court verified unauthorized physical entry with intent to commit an offense or intimidate the lawful possessor. Ruling: Partial.",Partial,True
SYN_CRI_0094,crime,public_nuisance,District Court,"Synthetic Case: Residents petitioned against an unauthorized stone crushing unit operating near residential dwellings, citing excessive dust and noise pollution beyond permissible health limits. District Court ordered compliance with environmental standards and public nuisance restrictions. Ruling: Accepted.",Accepted,True
SYN_CRI_0095,crime,extortion_demands,High Court,Synthetic Case: Local shopkeeper filed complaint alleging monthly unlawful monetary demands under threat of business disruption by a village group. High Court evaluated digital call recordings and witness testimony to affirm extortion charges. Ruling: Rejected.,Rejected,True
SYN_CRI_0096,crime,mischief_property_damage,Supreme Court,"Synthetic Case: Accused intentionally breached an embankment wall during heavy rains, causing flooding and damage to complainant's standing standing crops. Supreme Court assessed physical inspection reports establishing intentional property damage under mischief provisions. Ruling: Partial.",Partial,True
SYN_CRI_0097,crime,forgery_falsification_documents,District Court,Synthetic Case: Forged signature discovered on a rural land sale deed submitted for revenue registration. Forensic handwriting analysis confirmed falsification. District Court held deed void and initiated criminal proceedings for document forgery. Ruling: Accepted.,Accepted,True
SYN_CRI_0098,crime,unlawful_assembly_rioting,High Court,Synthetic Case: Group altercation during village fair led to public property damage and minor injuries. Prosecution established common object of unlawful assembly. High Court evaluated individual roles and witness identification. Ruling: Rejected.,Rejected,True
SYN_CRI_0099,crime,receiving_stolen_property,Supreme Court,Synthetic Case: Seizure of stolen solar panel equipment from a trader's shop. Trader claimed bona fide purchase without knowledge of theft. Supreme Court evaluated purchase price disparity and lack of valid bills to establish constructive knowledge under stolen property receiving laws. Ruling: Partial.,Partial,True
SYN_CRI_0100,crime,assault_hurt,District Court,Synthetic Case: Altercation between agricultural neighbors over irrigation water flow led to voluntary causing of hurt with blunt implements. Defense argued private defense without supporting physical evidence. District Court relied on medical injury certificates and neutral eyewitness statements to assess criminal liability for hurt. Ruling: Accepted.,Accepted,True
SYN_CRI_0101,crime,criminal_intimidation,High Court,Synthetic Case: Complainant reported repeated verbal threats of bodily harm and destruction of standing crops made by a estranged spouse during loan recovery demands. Neutral witness testimony corroborated the threats. High Court analyzed whether the acts constituted criminal intimidation intended to cause alarm. Ruling: Rejected.,Rejected,True
SYN_CRI_0102,crime,theft,Supreme Court,Synthetic Case: Allegation of theft involving agricultural water pump machinery from a field shed. Stolen equipment was subsequently recovered from the accused's premises based on serial identification marks. Supreme Court examined possession of stolen property and chain of custody evidence. Ruling: Partial.,Partial,True
SYN_CRI_0103,crime,cheating_fraud,District Court,Synthetic Case: Accused collected advance cash deposits from rural youth promising guaranteed government job placements using forged sanction letters. District Court reviewed financial transaction evidence and established dishonest inducement from inception under cheating provisions. Ruling: Accepted.,Accepted,True
SYN_CRI_0104,crime,criminal_trespass,High Court,"Synthetic Case: Accused forcibly entered fenced private farm property post-sunset following a boundary altercation, attempting to alter land boundary markers. High Court verified unauthorized physical entry with intent to commit an offense or intimidate the lawful possessor. Ruling: Rejected.",Rejected,True
SYN_CRI_0105,crime,public_nuisance,Supreme Court,"Synthetic Case: Residents petitioned against an unauthorized stone crushing unit operating near residential dwellings, citing excessive dust and noise pollution beyond permissible health limits. Supreme Court ordered compliance with environmental standards and public nuisance restrictions. Ruling: Partial.",Partial,True
SYN_CRI_0106,crime,extortion_demands,District Court,Synthetic Case: Local shopkeeper filed complaint alleging monthly unlawful monetary demands under threat of business disruption by a village group. District Court evaluated digital call recordings and witness testimony to affirm extortion charges. Ruling: Accepted.,Accepted,True
SYN_CRI_0107,crime,mischief_property_damage,High Court,"Synthetic Case: Accused intentionally breached an embankment wall during heavy rains, causing flooding and damage to complainant's standing standing crops. High Court assessed physical inspection reports establishing intentional property damage under mischief provisions. Ruling: Rejected.",Rejected,True
SYN_CRI_0108,crime,forgery_falsification_documents,Supreme Court,Synthetic Case: Forged signature discovered on a rural land sale deed submitted for revenue registration. Forensic handwriting analysis confirmed falsification. Supreme Court held deed void and initiated criminal proceedings for document forgery. Ruling: Partial.,Partial,True
SYN_CRI_0109,crime,unlawful_assembly_rioting,District Court,Synthetic Case: Group altercation during village fair led to public property damage and minor injuries. Prosecution established common object of unlawful assembly. District Court evaluated individual roles and witness identification. Ruling: Accepted.,Accepted,True
SYN_CRI_0110,crime,receiving_stolen_property,High Court,Synthetic Case: Seizure of stolen solar panel equipment from a trader's shop. Trader claimed bona fide purchase without knowledge of theft. High Court evaluated purchase price disparity and lack of valid bills to establish constructive knowledge under stolen property receiving laws. Ruling: Rejected.,Rejected,True
SYN_CRI_0111,crime,assault_hurt,Supreme Court,Synthetic Case: Altercation between agricultural neighbors over irrigation water flow led to voluntary causing of hurt with blunt implements. Defense argued private defense without supporting physical evidence. Supreme Court relied on medical injury certificates and neutral eyewitness statements to assess criminal liability for hurt. Ruling: Partial.,Partial,True
SYN_CRI_0112,crime,criminal_intimidation,District Court,Synthetic Case: Complainant reported repeated verbal threats of bodily harm and destruction of standing crops made by a local moneylender during loan recovery demands. Neutral witness testimony corroborated the threats. District Court analyzed whether the acts constituted criminal intimidation intended to cause alarm. Ruling: Accepted.,Accepted,True
SYN_CRI_0113,crime,theft,High Court,Synthetic Case: Allegation of theft involving agricultural water pump machinery from a field shed. Stolen equipment was subsequently recovered from the accused's premises based on serial identification marks. High Court examined possession of stolen property and chain of custody evidence. Ruling: Rejected.,Rejected,True
SYN_CRI_0114,crime,cheating_fraud,Supreme Court,Synthetic Case: Accused collected advance cash deposits from rural youth promising guaranteed government job placements using forged sanction letters. Supreme Court reviewed financial transaction evidence and established dishonest inducement from inception under cheating provisions. Ruling: Partial.,Partial,True
SYN_CRI_0115,crime,criminal_trespass,District Court,"Synthetic Case: Accused forcibly entered fenced private farm property post-sunset following a boundary altercation, attempting to alter land boundary markers. District Court verified unauthorized physical entry with intent to commit an offense or intimidate the lawful possessor. Ruling: Accepted.",Accepted,True
SYN_CRI_0116,crime,public_nuisance,High Court,"Synthetic Case: Residents petitioned against an unauthorized stone crushing unit operating near residential dwellings, citing excessive dust and noise pollution beyond permissible health limits. High Court ordered compliance with environmental standards and public nuisance restrictions. Ruling: Rejected.",Rejected,True
SYN_CRI_0117,crime,extortion_demands,Supreme Court,Synthetic Case: Local shopkeeper filed complaint alleging monthly unlawful monetary demands under threat of business disruption by a village group. Supreme Court evaluated digital call recordings and witness testimony to affirm extortion charges. Ruling: Partial.,Partial,True
SYN_CRI_0118,crime,mischief_property_damage,District Court,"Synthetic Case: Accused intentionally breached an embankment wall during heavy rains, causing flooding and damage to complainant's standing standing crops. District Court assessed physical inspection reports establishing intentional property damage under mischief provisions. Ruling: Accepted.",Accepted,True
SYN_CRI_0119,crime,forgery_falsification_documents,High Court,Synthetic Case: Forged signature discovered on a rural land sale deed submitted for revenue registration. Forensic handwriting analysis confirmed falsification. High Court held deed void and initiated criminal proceedings for document forgery. Ruling: Rejected.,Rejected,True
SYN_CRI_0120,crime,unlawful_assembly_rioting,Supreme Court,Synthetic Case: Group altercation during village fair led to public property damage and minor injuries. Prosecution established common object of unlawful assembly. Supreme Court evaluated individual roles and witness identification. Ruling: Partial.,Partial,True
SYN_CRI_0121,crime,receiving_stolen_property,District Court,Synthetic Case: Seizure of stolen solar panel equipment from a trader's shop. Trader claimed bona fide purchase without knowledge of theft. District Court evaluated purchase price disparity and lack of valid bills to establish constructive knowledge under stolen property receiving laws. Ruling: Accepted.,Accepted,True
SYN_CRI_0122,crime,assault_hurt,High Court,Synthetic Case: Altercation between agricultural neighbors over irrigation water flow led to voluntary causing of hurt with blunt implements. Defense argued private defense without supporting physical evidence. High Court relied on medical injury certificates and neutral eyewitness statements to assess criminal liability for hurt. Ruling: Rejected.,Rejected,True
SYN_CRI_0123,crime,criminal_intimidation,Supreme Court,Synthetic Case: Complainant reported repeated verbal threats of bodily harm and destruction of standing crops made by a local moneylender during loan recovery demands. Neutral witness testimony corroborated the threats. Supreme Court analyzed whether the acts constituted criminal intimidation intended to cause alarm. Ruling: Partial.,Partial,True
SYN_CRI_0124,crime,theft,District Court,Synthetic Case: Allegation of theft involving agricultural water pump machinery from a field shed. Stolen equipment was subsequently recovered from the accused's premises based on serial identification marks. District Court examined possession of stolen property and chain of custody evidence. Ruling: Accepted.,Accepted,True
SYN_CRI_0125,crime,cheating_fraud,High Court,Synthetic Case: Accused collected advance cash deposits from rural youth promising guaranteed government job placements using forged sanction letters. High Court reviewed financial transaction evidence and established dishonest inducement from inception under cheating provisions. Ruling: Rejected.,Rejected,True
SYN_CRI_0126,crime,criminal_trespass,Supreme Court,"Synthetic Case: Accused forcibly entered fenced private farm property post-sunset following a boundary altercation, attempting to alter land boundary markers. Supreme Court verified unauthorized physical entry with intent to commit an offense or intimidate the lawful possessor. Ruling: Partial.",Partial,True
SYN_CRI_0127,crime,public_nuisance,District Court,"Synthetic Case: Residents petitioned against an unauthorized stone crushing unit operating near residential dwellings, citing excessive dust and noise pollution beyond permissible health limits. District Court ordered compliance with environmental standards and public nuisance restrictions. Ruling: Accepted.",Accepted,True
SYN_CRI_0128,crime,extortion_demands,High Court,Synthetic Case: Local shopkeeper filed complaint alleging monthly unlawful monetary demands under threat of business disruption by a village group. High Court evaluated digital call recordings and witness testimony to affirm extortion charges. Ruling: Rejected.,Rejected,True
SYN_CRI_0129,crime,mischief_property_damage,Supreme Court,"Synthetic Case: Accused intentionally breached an embankment wall during heavy rains, causing flooding and damage to complainant's standing standing crops. Supreme Court assessed physical inspection reports establishing intentional property damage under mischief provisions. Ruling: Partial.",Partial,True
SYN_CRI_0130,crime,forgery_falsification_documents,District Court,Synthetic Case: Forged signature discovered on a rural land sale deed submitted for revenue registration. Forensic handwriting analysis confirmed falsification. District Court held deed void and initiated criminal proceedings for document forgery. Ruling: Accepted.,Accepted,True
SYN_CRI_0131,crime,unlawful_assembly_rioting,High Court,Synthetic Case: Group altercation during village fair led to public property damage and minor injuries. Prosecution established common object of unlawful assembly. High Court evaluated individual roles and witness identification. Ruling: Rejected.,Rejected,True
SYN_CRI_0132,crime,receiving_stolen_property,Supreme Court,Synthetic Case: Seizure of stolen solar panel equipment from a trader's shop. Trader claimed bona fide purchase without knowledge of theft. Supreme Court evaluated purchase price disparity and lack of valid bills to establish constructive knowledge under stolen property receiving laws. Ruling: Partial.,Partial,True
SYN_CRI_0133,crime,assault_hurt,District Court,Synthetic Case: Altercation between agricultural neighbors over irrigation water flow led to voluntary causing of hurt with blunt implements. Defense argued private defense without supporting physical evidence. District Court relied on medical injury certificates and neutral eyewitness statements to assess criminal liability for hurt. Ruling: Accepted.,Accepted,True
SYN_CRI_0134,crime,criminal_intimidation,High Court,Synthetic Case: Complainant reported repeated verbal threats of bodily harm and destruction of standing crops made by a neighboring landholder during loan recovery demands. Neutral witness testimony corroborated the threats. High Court analyzed whether the acts constituted criminal intimidation intended to cause alarm. Ruling: Rejected.,Rejected,True
SYN_CRI_0135,crime,theft,Supreme Court,Synthetic Case: Allegation of theft involving agricultural water pump machinery from a field shed. Stolen equipment was subsequently recovered from the accused's premises based on serial identification marks. Supreme Court examined possession of stolen property and chain of custody evidence. Ruling: Partial.,Partial,True
SYN_CRI_0136,crime,cheating_fraud,District Court,Synthetic Case: Accused collected advance cash deposits from rural youth promising guaranteed government job placements using forged sanction letters. District Court reviewed financial transaction evidence and established dishonest inducement from inception under cheating provisions. Ruling: Accepted.,Accepted,True
SYN_CRI_0137,crime,criminal_trespass,High Court,"Synthetic Case: Accused forcibly entered fenced private farm property post-sunset following a boundary altercation, attempting to alter land boundary markers. High Court verified unauthorized physical entry with intent to commit an offense or intimidate the lawful possessor. Ruling: Rejected.",Rejected,True
SYN_CRI_0138,crime,public_nuisance,Supreme Court,"Synthetic Case: Residents petitioned against an unauthorized stone crushing unit operating near residential dwellings, citing excessive dust and noise pollution beyond permissible health limits. Supreme Court ordered compliance with environmental standards and public nuisance restrictions. Ruling: Partial.",Partial,True
SYN_CRI_0139,crime,extortion_demands,District Court,Synthetic Case: Local shopkeeper filed complaint alleging monthly unlawful monetary demands under threat of business disruption by a village group. District Court evaluated digital call recordings and witness testimony to affirm extortion charges. Ruling: Accepted.,Accepted,True
SYN_CRI_0140,crime,mischief_property_damage,High Court,"Synthetic Case: Accused intentionally breached an embankment wall during heavy rains, causing flooding and damage to complainant's standing standing crops. High Court assessed physical inspection reports establishing intentional property damage under mischief provisions. Ruling: Rejected.",Rejected,True
SYN_CRI_0141,crime,forgery_falsification_documents,Supreme Court,Synthetic Case: Forged signature discovered on a rural land sale deed submitted for revenue registration. Forensic handwriting analysis confirmed falsification. Supreme Court held deed void and initiated criminal proceedings for document forgery. Ruling: Partial.,Partial,True
SYN_CRI_0142,crime,unlawful_assembly_rioting,District Court,Synthetic Case: Group altercation during village fair led to public property damage and minor injuries. Prosecution established common object of unlawful assembly. District Court evaluated individual roles and witness identification. Ruling: Accepted.,Accepted,True
SYN_CRI_0143,crime,receiving_stolen_property,High Court,Synthetic Case: Seizure of stolen solar panel equipment from a trader's shop. Trader claimed bona fide purchase without knowledge of theft. High Court evaluated purchase price disparity and lack of valid bills to establish constructive knowledge under stolen property receiving laws. Ruling: Rejected.,Rejected,True
SYN_CRI_0144,crime,assault_hurt,Supreme Court,Synthetic Case: Altercation between agricultural neighbors over irrigation water flow led to voluntary causing of hurt with blunt implements. Defense argued private defense without supporting physical evidence. Supreme Court relied on medical injury certificates and neutral eyewitness statements to assess criminal liability for hurt. Ruling: Partial.,Partial,True
SYN_CRI_0145,crime,criminal_intimidation,District Court,Synthetic Case: Complainant reported repeated verbal threats of bodily harm and destruction of standing crops made by a former business partner during loan recovery demands. Neutral witness testimony corroborated the threats. District Court analyzed whether the acts constituted criminal intimidation intended to cause alarm. Ruling: Accepted.,Accepted,True
SYN_CRI_0146,crime,theft,High Court,Synthetic Case: Allegation of theft involving agricultural water pump machinery from a field shed. Stolen equipment was subsequently recovered from the accused's premises based on serial identification marks. High Court examined possession of stolen property and chain of custody evidence. Ruling: Rejected.,Rejected,True
SYN_CRI_0147,crime,cheating_fraud,Supreme Court,Synthetic Case: Accused collected advance cash deposits from rural youth promising guaranteed government job placements using forged sanction letters. Supreme Court reviewed financial transaction evidence and established dishonest inducement from inception under cheating provisions. Ruling: Partial.,Partial,True
SYN_CRI_0148,crime,criminal_trespass,District Court,"Synthetic Case: Accused forcibly entered fenced private farm property post-sunset following a boundary altercation, attempting to alter land boundary markers. District Court verified unauthorized physical entry with intent to commit an offense or intimidate the lawful possessor. Ruling: Accepted.",Accepted,True
SYN_CRI_0149,crime,public_nuisance,High Court,"Synthetic Case: Residents petitioned against an unauthorized stone crushing unit operating near residential dwellings, citing excessive dust and noise pollution beyond permissible health limits. High Court ordered compliance with environmental standards and public nuisance restrictions. Ruling: Rejected.",Rejected,True
SYN_CRI_0150,crime,extortion_demands,Supreme Court,Synthetic Case: Local shopkeeper filed complaint alleging monthly unlawful monetary demands under threat of business disruption by a village group. Supreme Court evaluated digital call recordings and witness testimony to affirm extortion charges. Ruling: Partial.,Partial,True
SYN_CRI_0151,crime,mischief_property_damage,District Court,"Synthetic Case: Accused intentionally breached an embankment wall during heavy rains, causing flooding and damage to complainant's standing standing crops. District Court assessed physical inspection reports establishing intentional property damage under mischief provisions. Ruling: Accepted.",Accepted,True
SYN_CRI_0152,crime,forgery_falsification_documents,High Court,Synthetic Case: Forged signature discovered on a rural land sale deed submitted for revenue registration. Forensic handwriting analysis confirmed falsification. High Court held deed void and initiated criminal proceedings for document forgery. Ruling: Rejected.,Rejected,True
SYN_CRI_0153,crime,unlawful_assembly_rioting,Supreme Court,Synthetic Case: Group altercation during village fair led to public property damage and minor injuries. Prosecution established common object of unlawful assembly. Supreme Court evaluated individual roles and witness identification. Ruling: Partial.,Partial,True
SYN_CRI_0154,crime,receiving_stolen_property,District Court,Synthetic Case: Seizure of stolen solar panel equipment from a trader's shop. Trader claimed bona fide purchase without knowledge of theft. District Court evaluated purchase price disparity and lack of valid bills to establish constructive knowledge under stolen property receiving laws. Ruling: Accepted.,Accepted,True
SYN_CRI_0155,crime,assault_hurt,High Court,Synthetic Case: Altercation between agricultural neighbors over irrigation water flow led to voluntary causing of hurt with blunt implements. Defense argued private defense without supporting physical evidence. High Court relied on medical injury certificates and neutral eyewitness statements to assess criminal liability for hurt. Ruling: Rejected.,Rejected,True
SYN_CRI_0156,crime,criminal_intimidation,Supreme Court,Synthetic Case: Complainant reported repeated verbal threats of bodily harm and destruction of standing crops made by a co-sharer brother during loan recovery demands. Neutral witness testimony corroborated the threats. Supreme Court analyzed whether the acts constituted criminal intimidation intended to cause alarm. Ruling: Partial.,Partial,True
SYN_CRI_0157,crime,theft,District Court,Synthetic Case: Allegation of theft involving agricultural water pump machinery from a field shed. Stolen equipment was subsequently recovered from the accused's premises based on serial identification marks. District Court examined possession of stolen property and chain of custody evidence. Ruling: Accepted.,Accepted,True
SYN_CRI_0158,crime,cheating_fraud,High Court,Synthetic Case: Accused collected advance cash deposits from rural youth promising guaranteed government job placements using forged sanction letters. High Court reviewed financial transaction evidence and established dishonest inducement from inception under cheating provisions. Ruling: Rejected.,Rejected,True
SYN_CRI_0159,crime,criminal_trespass,Supreme Court,"Synthetic Case: Accused forcibly entered fenced private farm property post-sunset following a boundary altercation, attempting to alter land boundary markers. Supreme Court verified unauthorized physical entry with intent to commit an offense or intimidate the lawful possessor. Ruling: Partial.",Partial,True
SYN_CRI_0160,crime,public_nuisance,District Court,"Synthetic Case: Residents petitioned against an unauthorized stone crushing unit operating near residential dwellings, citing excessive dust and noise pollution beyond permissible health limits. District Court ordered compliance with environmental standards and public nuisance restrictions. Ruling: Accepted.",Accepted,True
SYN_CRI_0161,crime,extortion_demands,High Court,Synthetic Case: Local shopkeeper filed complaint alleging monthly unlawful monetary demands under threat of business disruption by a village group. High Court evaluated digital call recordings and witness testimony to affirm extortion charges. Ruling: Rejected.,Rejected,True
SYN_CRI_0162,crime,mischief_property_damage,Supreme Court,"Synthetic Case: Accused intentionally breached an embankment wall during heavy rains, causing flooding and damage to complainant's standing standing crops. Supreme Court assessed physical inspection reports establishing intentional property damage under mischief provisions. Ruling: Partial.",Partial,True
SYN_CRI_0163,crime,forgery_falsification_documents,District Court,Synthetic Case: Forged signature discovered on a rural land sale deed submitted for revenue registration. Forensic handwriting analysis confirmed falsification. District Court held deed void and initiated criminal proceedings for document forgery. Ruling: Accepted.,Accepted,True
SYN_CRI_0164,crime,unlawful_assembly_rioting,High Court,Synthetic Case: Group altercation during village fair led to public property damage and minor injuries. Prosecution established common object of unlawful assembly. High Court evaluated individual roles and witness identification. Ruling: Rejected.,Rejected,True
SYN_CRI_0165,crime,receiving_stolen_property,Supreme Court,Synthetic Case: Seizure of stolen solar panel equipment from a trader's shop. Trader claimed bona fide purchase without knowledge of theft. Supreme Court evaluated purchase price disparity and lack of valid bills to establish constructive knowledge under stolen property receiving laws. Ruling: Partial.,Partial,True
SYN_CRI_0166,crime,assault_hurt,District Court,Synthetic Case: Altercation between agricultural neighbors over irrigation water flow led to voluntary causing of hurt with blunt implements. Defense argued private defense without supporting physical evidence. District Court relied on medical injury certificates and neutral eyewitness statements to assess criminal liability for hurt. Ruling: Accepted.,Accepted,True
SYN_CRI_0167,crime,criminal_intimidation,High Court,Synthetic Case: Complainant reported repeated verbal threats of bodily harm and destruction of standing crops made by a estranged spouse during loan recovery demands. Neutral witness testimony corroborated the threats. High Court analyzed whether the acts constituted criminal intimidation intended to cause alarm. Ruling: Rejected.,Rejected,True
SYN_CRI_0168,crime,theft,Supreme Court,Synthetic Case: Allegation of theft involving agricultural water pump machinery from a field shed. Stolen equipment was subsequently recovered from the accused's premises based on serial identification marks. Supreme Court examined possession of stolen property and chain of custody evidence. Ruling: Partial.,Partial,True
SYN_CRI_0169,crime,cheating_fraud,District Court,Synthetic Case: Accused collected advance cash deposits from rural youth promising guaranteed government job placements using forged sanction letters. District Court reviewed financial transaction evidence and established dishonest inducement from inception under cheating provisions. Ruling: Accepted.,Accepted,True
SYN_CRI_0170,crime,criminal_trespass,High Court,"Synthetic Case: Accused forcibly entered fenced private farm property post-sunset following a boundary altercation, attempting to alter land boundary markers. High Court verified unauthorized physical entry with intent to commit an offense or intimidate the lawful possessor. Ruling: Rejected.",Rejected,True
SYN_CRI_0171,crime,public_nuisance,Supreme Court,"Synthetic Case: Residents petitioned against an unauthorized stone crushing unit operating near residential dwellings, citing excessive dust and noise pollution beyond permissible health limits. Supreme Court ordered compliance with environmental standards and public nuisance restrictions. Ruling: Partial.",Partial,True
SYN_CRI_0172,crime,extortion_demands,District Court,Synthetic Case: Local shopkeeper filed complaint alleging monthly unlawful monetary demands under threat of business disruption by a village group. District Court evaluated digital call recordings and witness testimony to affirm extortion charges. Ruling: Accepted.,Accepted,True
SYN_CRI_0173,crime,mischief_property_damage,High Court,"Synthetic Case: Accused intentionally breached an embankment wall during heavy rains, causing flooding and damage to complainant's standing standing crops. High Court assessed physical inspection reports establishing intentional property damage under mischief provisions. Ruling: Rejected.",Rejected,True
SYN_CRI_0174,crime,forgery_falsification_documents,Supreme Court,Synthetic Case: Forged signature discovered on a rural land sale deed submitted for revenue registration. Forensic handwriting analysis confirmed falsification. Supreme Court held deed void and initiated criminal proceedings for document forgery. Ruling: Partial.,Partial,True
SYN_CRI_0175,crime,unlawful_assembly_rioting,District Court,Synthetic Case: Group altercation during village fair led to public property damage and minor injuries. Prosecution established common object of unlawful assembly. District Court evaluated individual roles and witness identification. Ruling: Accepted.,Accepted,True
SYN_CRI_0176,crime,receiving_stolen_property,High Court,Synthetic Case: Seizure of stolen solar panel equipment from a trader's shop. Trader claimed bona fide purchase without knowledge of theft. High Court evaluated purchase price disparity and lack of valid bills to establish constructive knowledge under stolen property receiving laws. Ruling: Rejected.,Rejected,True
SYN_CRI_0177,crime,assault_hurt,Supreme Court,Synthetic Case: Altercation between agricultural neighbors over irrigation water flow led to voluntary causing of hurt with blunt implements. Defense argued private defense without supporting physical evidence. Supreme Court relied on medical injury certificates and neutral eyewitness statements to assess criminal liability for hurt. Ruling: Partial.,Partial,True
SYN_CRI_0178,crime,criminal_intimidation,District Court,Synthetic Case: Complainant reported repeated verbal threats of bodily harm and destruction of standing crops made by a paternal uncle during loan recovery demands. Neutral witness testimony corroborated the threats. District Court analyzed whether the acts constituted criminal intimidation intended to cause alarm. Ruling: Accepted.,Accepted,True
SYN_CRI_0179,crime,theft,High Court,Synthetic Case: Allegation of theft involving agricultural water pump machinery from a field shed. Stolen equipment was subsequently recovered from the accused's premises based on serial identification marks. High Court examined possession of stolen property and chain of custody evidence. Ruling: Rejected.,Rejected,True
SYN_CRI_0180,crime,cheating_fraud,Supreme Court,Synthetic Case: Accused collected advance cash deposits from rural youth promising guaranteed government job placements using forged sanction letters. Supreme Court reviewed financial transaction evidence and established dishonest inducement from inception under cheating provisions. Ruling: Partial.,Partial,True
SYN_CRI_0181,crime,criminal_trespass,District Court,"Synthetic Case: Accused forcibly entered fenced private farm property post-sunset following a boundary altercation, attempting to alter land boundary markers. District Court verified unauthorized physical entry with intent to commit an offense or intimidate the lawful possessor. Ruling: Accepted.",Accepted,True
SYN_CRI_0182,crime,public_nuisance,High Court,"Synthetic Case: Residents petitioned against an unauthorized stone crushing unit operating near residential dwellings, citing excessive dust and noise pollution beyond permissible health limits. High Court ordered compliance with environmental standards and public nuisance restrictions. Ruling: Rejected.",Rejected,True
SYN_CRI_0183,crime,extortion_demands,Supreme Court,Synthetic Case: Local shopkeeper filed complaint alleging monthly unlawful monetary demands under threat of business disruption by a village group. Supreme Court evaluated digital call recordings and witness testimony to affirm extortion charges. Ruling: Partial.,Partial,True
SYN_CRI_0184,crime,mischief_property_damage,District Court,"Synthetic Case: Accused intentionally breached an embankment wall during heavy rains, causing flooding and damage to complainant's standing standing crops. District Court assessed physical inspection reports establishing intentional property damage under mischief provisions. Ruling: Accepted.",Accepted,True
SYN_CRI_0185,crime,forgery_falsification_documents,High Court,Synthetic Case: Forged signature discovered on a rural land sale deed submitted for revenue registration. Forensic handwriting analysis confirmed falsification. High Court held deed void and initiated criminal proceedings for document forgery. Ruling: Rejected.,Rejected,True
SYN_CRI_0186,crime,unlawful_assembly_rioting,Supreme Court,Synthetic Case: Group altercation during village fair led to public property damage and minor injuries. Prosecution established common object of unlawful assembly. Supreme Court evaluated individual roles and witness identification. Ruling: Partial.,Partial,True
SYN_CRI_0187,crime,receiving_stolen_property,District Court,Synthetic Case: Seizure of stolen solar panel equipment from a trader's shop. Trader claimed bona fide purchase without knowledge of theft. District Court evaluated purchase price disparity and lack of valid bills to establish constructive knowledge under stolen property receiving laws. Ruling: Accepted.,Accepted,True
SYN_CRI_0188,crime,assault_hurt,High Court,Synthetic Case: Altercation between agricultural neighbors over irrigation water flow led to voluntary causing of hurt with blunt implements. Defense argued private defense without supporting physical evidence. High Court relied on medical injury certificates and neutral eyewitness statements to assess criminal liability for hurt. Ruling: Rejected.,Rejected,True
SYN_CRI_0189,crime,criminal_intimidation,Supreme Court,Synthetic Case: Complainant reported repeated verbal threats of bodily harm and destruction of standing crops made by a estranged spouse during loan recovery demands. Neutral witness testimony corroborated the threats. Supreme Court analyzed whether the acts constituted criminal intimidation intended to cause alarm. Ruling: Partial.,Partial,True
SYN_CRI_0190,crime,theft,District Court,Synthetic Case: Allegation of theft involving agricultural water pump machinery from a field shed. Stolen equipment was subsequently recovered from the accused's premises based on serial identification marks. District Court examined possession of stolen property and chain of custody evidence. Ruling: Accepted.,Accepted,True
SYN_CRI_0191,crime,cheating_fraud,High Court,Synthetic Case: Accused collected advance cash deposits from rural youth promising guaranteed government job placements using forged sanction letters. High Court reviewed financial transaction evidence and established dishonest inducement from inception under cheating provisions. Ruling: Rejected.,Rejected,True
SYN_CRI_0192,crime,criminal_trespass,Supreme Court,"Synthetic Case: Accused forcibly entered fenced private farm property post-sunset following a boundary altercation, attempting to alter land boundary markers. Supreme Court verified unauthorized physical entry with intent to commit an offense or intimidate the lawful possessor. Ruling: Partial.",Partial,True
SYN_CRI_0193,crime,public_nuisance,District Court,"Synthetic Case: Residents petitioned against an unauthorized stone crushing unit operating near residential dwellings, citing excessive dust and noise pollution beyond permissible health limits. District Court ordered compliance with environmental standards and public nuisance restrictions. Ruling: Accepted.",Accepted,True
SYN_CRI_0194,crime,extortion_demands,High Court,Synthetic Case: Local shopkeeper filed complaint alleging monthly unlawful monetary demands under threat of business disruption by a village group. High Court evaluated digital call recordings and witness testimony to affirm extortion charges. Ruling: Rejected.,Rejected,True
SYN_CRI_0195,crime,mischief_property_damage,Supreme Court,"Synthetic Case: Accused intentionally breached an embankment wall during heavy rains, causing flooding and damage to complainant's standing standing crops. Supreme Court assessed physical inspection reports establishing intentional property damage under mischief provisions. Ruling: Partial.",Partial,True
SYN_CRI_0196,crime,forgery_falsification_documents,District Court,Synthetic Case: Forged signature discovered on a rural land sale deed submitted for revenue registration. Forensic handwriting analysis confirmed falsification. District Court held deed void and initiated criminal proceedings for document forgery. Ruling: Accepted.,Accepted,True
SYN_CRI_0197,crime,unlawful_assembly_rioting,High Court,Synthetic Case: Group altercation during village fair led to public property damage and minor injuries. Prosecution established common object of unlawful assembly. High Court evaluated individual roles and witness identification. Ruling: Rejected.,Rejected,True
SYN_CRI_0198,crime,receiving_stolen_property,Supreme Court,Synthetic Case: Seizure of stolen solar panel equipment from a trader's shop. Trader claimed bona fide purchase without knowledge of theft. Supreme Court evaluated purchase price disparity and lack of valid bills to establish constructive knowledge under stolen property receiving laws. Ruling: Partial.,Partial,True
SYN_CRI_0199,crime,assault_hurt,District Court,Synthetic Case: Altercation between agricultural neighbors over irrigation water flow led to voluntary causing of hurt with blunt implements. Defense argued private defense without supporting physical evidence. District Court relied on medical injury certificates and neutral eyewitness statements to assess criminal liability for hurt. Ruling: Accepted.,Accepted,True
SYN_CRI_0200,crime,criminal_intimidation,High Court,Synthetic Case: Complainant reported repeated verbal threats of bodily harm and destruction of standing crops made by a co-sharer brother during loan recovery demands. Neutral witness testimony corroborated the threats. High Court analyzed whether the acts constituted criminal intimidation intended to cause alarm. Ruling: Rejected.,Rejected,True
SYN_CRI_0201,crime,theft,Supreme Court,Synthetic Case: Allegation of theft involving agricultural water pump machinery from a field shed. Stolen equipment was subsequently recovered from the accused's premises based on serial identification marks. Supreme Court examined possession of stolen property and chain of custody evidence. Ruling: Partial.,Partial,True
SYN_CRI_0202,crime,cheating_fraud,District Court,Synthetic Case: Accused collected advance cash deposits from rural youth promising guaranteed government job placements using forged sanction letters. District Court reviewed financial transaction evidence and established dishonest inducement from inception under cheating provisions. Ruling: Accepted.,Accepted,True
SYN_CRI_0203,crime,criminal_trespass,High Court,"Synthetic Case: Accused forcibly entered fenced private farm property post-sunset following a boundary altercation, attempting to alter land boundary markers. High Court verified unauthorized physical entry with intent to commit an offense or intimidate the lawful possessor. Ruling: Rejected.",Rejected,True
SYN_CRI_0204,crime,public_nuisance,Supreme Court,"Synthetic Case: Residents petitioned against an unauthorized stone crushing unit operating near residential dwellings, citing excessive dust and noise pollution beyond permissible health limits. Supreme Court ordered compliance with environmental standards and public nuisance restrictions. Ruling: Partial.",Partial,True
SYN_CRI_0205,crime,extortion_demands,District Court,Synthetic Case: Local shopkeeper filed complaint alleging monthly unlawful monetary demands under threat of business disruption by a village group. District Court evaluated digital call recordings and witness testimony to affirm extortion charges. Ruling: Accepted.,Accepted,True
SYN_CRI_0206,crime,mischief_property_damage,High Court,"Synthetic Case: Accused intentionally breached an embankment wall during heavy rains, causing flooding and damage to complainant's standing standing crops. High Court assessed physical inspection reports establishing intentional property damage under mischief provisions. Ruling: Rejected.",Rejected,True
SYN_CRI_0207,crime,forgery_falsification_documents,Supreme Court,Synthetic Case: Forged signature discovered on a rural land sale deed submitted for revenue registration. Forensic handwriting analysis confirmed falsification. Supreme Court held deed void and initiated criminal proceedings for document forgery. Ruling: Partial.,Partial,True
SYN_CRI_0208,crime,unlawful_assembly_rioting,District Court,Synthetic Case: Group altercation during village fair led to public property damage and minor injuries. Prosecution established common object of unlawful assembly. District Court evaluated individual roles and witness identification. Ruling: Accepted.,Accepted,True
SYN_CRI_0209,crime,receiving_stolen_property,High Court,Synthetic Case: Seizure of stolen solar panel equipment from a trader's shop. Trader claimed bona fide purchase without knowledge of theft. High Court evaluated purchase price disparity and lack of valid bills to establish constructive knowledge under stolen property receiving laws. Ruling: Rejected.,Rejected,True
SYN_CRI_0210,crime,assault_hurt,Supreme Court,Synthetic Case: Altercation between agricultural neighbors over irrigation water flow led to voluntary causing of hurt with blunt implements. Defense argued private defense without supporting physical evidence. Supreme Court relied on medical injury certificates and neutral eyewitness statements to assess criminal liability for hurt. Ruling: Partial.,Partial,True
SYN_CRI_0211,crime,criminal_intimidation,District Court,Synthetic Case: Complainant reported repeated verbal threats of bodily harm and destruction of standing crops made by a neighboring landholder during loan recovery demands. Neutral witness testimony corroborated the threats. District Court analyzed whether the acts constituted criminal intimidation intended to cause alarm. Ruling: Accepted.,Accepted,True
SYN_CRI_0212,crime,theft,High Court,Synthetic Case: Allegation of theft involving agricultural water pump machinery from a field shed. Stolen equipment was subsequently recovered from the accused's premises based on serial identification marks. High Court examined possession of stolen property and chain of custody evidence. Ruling: Rejected.,Rejected,True
SYN_CRI_0213,crime,cheating_fraud,Supreme Court,Synthetic Case: Accused collected advance cash deposits from rural youth promising guaranteed government job placements using forged sanction letters. Supreme Court reviewed financial transaction evidence and established dishonest inducement from inception under cheating provisions. Ruling: Partial.,Partial,True
SYN_CRI_0214,crime,criminal_trespass,District Court,"Synthetic Case: Accused forcibly entered fenced private farm property post-sunset following a boundary altercation, attempting to alter land boundary markers. District Court verified unauthorized physical entry with intent to commit an offense or intimidate the lawful possessor. Ruling: Accepted.",Accepted,True
SYN_CRI_0215,crime,public_nuisance,High Court,"Synthetic Case: Residents petitioned against an unauthorized stone crushing unit operating near residential dwellings, citing excessive dust and noise pollution beyond permissible health limits. High Court ordered compliance with environmental standards and public nuisance restrictions. Ruling: Rejected.",Rejected,True
SYN_CRI_0216,crime,extortion_demands,Supreme Court,Synthetic Case: Local shopkeeper filed complaint alleging monthly unlawful monetary demands under threat of business disruption by a village group. Supreme Court evaluated digital call recordings and witness testimony to affirm extortion charges. Ruling: Partial.,Partial,True
SYN_CRI_0217,crime,mischief_property_damage,District Court,"Synthetic Case: Accused intentionally breached an embankment wall during heavy rains, causing flooding and damage to complainant's standing standing crops. District Court assessed physical inspection reports establishing intentional property damage under mischief provisions. Ruling: Accepted.",Accepted,True
SYN_CRI_0218,crime,forgery_falsification_documents,High Court,Synthetic Case: Forged signature discovered on a rural land sale deed submitted for revenue registration. Forensic handwriting analysis confirmed falsification. High Court held deed void and initiated criminal proceedings for document forgery. Ruling: Rejected.,Rejected,True
SYN_CRI_0219,crime,unlawful_assembly_rioting,Supreme Court,Synthetic Case: Group altercation during village fair led to public property damage and minor injuries. Prosecution established common object of unlawful assembly. Supreme Court evaluated individual roles and witness identification. Ruling: Partial.,Partial,True
SYN_CRI_0220,crime,receiving_stolen_property,District Court,Synthetic Case: Seizure of stolen solar panel equipment from a trader's shop. Trader claimed bona fide purchase without knowledge of theft. District Court evaluated purchase price disparity and lack of valid bills to establish constructive knowledge under stolen property receiving laws. Ruling: Accepted.,Accepted,True
SYN_CRI_0221,crime,assault_hurt,High Court,Synthetic Case: Altercation between agricultural neighbors over irrigation water flow led to voluntary causing of hurt with blunt implements. Defense argued private defense without supporting physical evidence. High Court relied on medical injury certificates and neutral eyewitness statements to assess criminal liability for hurt. Ruling: Rejected.,Rejected,True
SYN_CRI_0222,crime,criminal_intimidation,Supreme Court,Synthetic Case: Complainant reported repeated verbal threats of bodily harm and destruction of standing crops made by a local moneylender during loan recovery demands. Neutral witness testimony corroborated the threats. Supreme Court analyzed whether the acts constituted criminal intimidation intended to cause alarm. Ruling: Partial.,Partial,True
SYN_CRI_0223,crime,theft,District Court,Synthetic Case: Allegation of theft involving agricultural water pump machinery from a field shed. Stolen equipment was subsequently recovered from the accused's premises based on serial identification marks. District Court examined possession of stolen property and chain of custody evidence. Ruling: Accepted.,Accepted,True
SYN_CRI_0224,crime,cheating_fraud,High Court,Synthetic Case: Accused collected advance cash deposits from rural youth promising guaranteed government job placements using forged sanction letters. High Court reviewed financial transaction evidence and established dishonest inducement from inception under cheating provisions. Ruling: Rejected.,Rejected,True
SYN_CRI_0225,crime,criminal_trespass,Supreme Court,"Synthetic Case: Accused forcibly entered fenced private farm property post-sunset following a boundary altercation, attempting to alter land boundary markers. Supreme Court verified unauthorized physical entry with intent to commit an offense or intimidate the lawful possessor. Ruling: Partial.",Partial,True
SYN_CRI_0226,crime,public_nuisance,District Court,"Synthetic Case: Residents petitioned against an unauthorized stone crushing unit operating near residential dwellings, citing excessive dust and noise pollution beyond permissible health limits. District Court ordered compliance with environmental standards and public nuisance restrictions. Ruling: Accepted.",Accepted,True
SYN_CRI_0227,crime,extortion_demands,High Court,Synthetic Case: Local shopkeeper filed complaint alleging monthly unlawful monetary demands under threat of business disruption by a village group. High Court evaluated digital call recordings and witness testimony to affirm extortion charges. Ruling: Rejected.,Rejected,True
SYN_CRI_0228,crime,mischief_property_damage,Supreme Court,"Synthetic Case: Accused intentionally breached an embankment wall during heavy rains, causing flooding and damage to complainant's standing standing crops. Supreme Court assessed physical inspection reports establishing intentional property damage under mischief provisions. Ruling: Partial.",Partial,True
SYN_CRI_0229,crime,forgery_falsification_documents,District Court,Synthetic Case: Forged signature discovered on a rural land sale deed submitted for revenue registration. Forensic handwriting analysis confirmed falsification. District Court held deed void and initiated criminal proceedings for document forgery. Ruling: Accepted.,Accepted,True
SYN_CRI_0230,crime,unlawful_assembly_rioting,High Court,Synthetic Case: Group altercation during village fair led to public property damage and minor injuries. Prosecution established common object of unlawful assembly. High Court evaluated individual roles and witness identification. Ruling: Rejected.,Rejected,True
SYN_CRI_0231,crime,receiving_stolen_property,Supreme Court,Synthetic Case: Seizure of stolen solar panel equipment from a trader's shop. Trader claimed bona fide purchase without knowledge of theft. Supreme Court evaluated purchase price disparity and lack of valid bills to establish constructive knowledge under stolen property receiving laws. Ruling: Partial.,Partial,True
SYN_CRI_0232,crime,assault_hurt,District Court,Synthetic Case: Altercation between agricultural neighbors over irrigation water flow led to voluntary causing of hurt with blunt implements. Defense argued private defense without supporting physical evidence. District Court relied on medical injury certificates and neutral eyewitness statements to assess criminal liability for hurt. Ruling: Accepted.,Accepted,True
SYN_CRI_0233,crime,criminal_intimidation,High Court,Synthetic Case: Complainant reported repeated verbal threats of bodily harm and destruction of standing crops made by a neighboring landholder during loan recovery demands. Neutral witness testimony corroborated the threats. High Court analyzed whether the acts constituted criminal intimidation intended to cause alarm. Ruling: Rejected.,Rejected,True
SYN_CRI_0234,crime,theft,Supreme Court,Synthetic Case: Allegation of theft involving agricultural water pump machinery from a field shed. Stolen equipment was subsequently recovered from the accused's premises based on serial identification marks. Supreme Court examined possession of stolen property and chain of custody evidence. Ruling: Partial.,Partial,True
SYN_CRI_0235,crime,cheating_fraud,District Court,Synthetic Case: Accused collected advance cash deposits from rural youth promising guaranteed government job placements using forged sanction letters. District Court reviewed financial transaction evidence and established dishonest inducement from inception under cheating provisions. Ruling: Accepted.,Accepted,True
SYN_CRI_0236,crime,criminal_trespass,High Court,"Synthetic Case: Accused forcibly entered fenced private farm property post-sunset following a boundary altercation, attempting to alter land boundary markers. High Court verified unauthorized physical entry with intent to commit an offense or intimidate the lawful possessor. Ruling: Rejected.",Rejected,True
SYN_CRI_0237,crime,public_nuisance,Supreme Court,"Synthetic Case: Residents petitioned against an unauthorized stone crushing unit operating near residential dwellings, citing excessive dust and noise pollution beyond permissible health limits. Supreme Court ordered compliance with environmental standards and public nuisance restrictions. Ruling: Partial.",Partial,True
SYN_CRI_0238,crime,extortion_demands,District Court,Synthetic Case: Local shopkeeper filed complaint alleging monthly unlawful monetary demands under threat of business disruption by a village group. District Court evaluated digital call recordings and witness testimony to affirm extortion charges. Ruling: Accepted.,Accepted,True
SYN_CRI_0239,crime,mischief_property_damage,High Court,"Synthetic Case: Accused intentionally breached an embankment wall during heavy rains, causing flooding and damage to complainant's standing standing crops. High Court assessed physical inspection reports establishing intentional property damage under mischief provisions. Ruling: Rejected.",Rejected,True
SYN_CRI_0240,crime,forgery_falsification_documents,Supreme Court,Synthetic Case: Forged signature discovered on a rural land sale deed submitted for revenue registration. Forensic handwriting analysis confirmed falsification. Supreme Court held deed void and initiated criminal proceedings for document forgery. Ruling: Partial.,Partial,True
SYN_CRI_0241,crime,unlawful_assembly_rioting,District Court,Synthetic Case: Group altercation during village fair led to public property damage and minor injuries. Prosecution established common object of unlawful assembly. District Court evaluated individual roles and witness identification. Ruling: Accepted.,Accepted,True
SYN_CRI_0242,crime,receiving_stolen_property,High Court,Synthetic Case: Seizure of stolen solar panel equipment from a trader's shop. Trader claimed bona fide purchase without knowledge of theft. High Court evaluated purchase price disparity and lack of valid bills to establish constructive knowledge under stolen property receiving laws. Ruling: Rejected.,Rejected,True
SYN_CRI_0243,crime,assault_hurt,Supreme Court,Synthetic Case: Altercation between agricultural neighbors over irrigation water flow led to voluntary causing of hurt with blunt implements. Defense argued private defense without supporting physical evidence. Supreme Court relied on medical injury certificates and neutral eyewitness statements to assess criminal liability for hurt. Ruling: Partial.,Partial,True
SYN_CRI_0244,crime,criminal_intimidation,District Court,Synthetic Case: Complainant reported repeated verbal threats of bodily harm and destruction of standing crops made by a estranged spouse during loan recovery demands. Neutral witness testimony corroborated the threats. District Court analyzed whether the acts constituted criminal intimidation intended to cause alarm. Ruling: Accepted.,Accepted,True
SYN_CRI_0245,crime,theft,High Court,Synthetic Case: Allegation of theft involving agricultural water pump machinery from a field shed. Stolen equipment was subsequently recovered from the accused's premises based on serial identification marks. High Court examined possession of stolen property and chain of custody evidence. Ruling: Rejected.,Rejected,True
SYN_CRI_0246,crime,cheating_fraud,Supreme Court,Synthetic Case: Accused collected advance cash deposits from rural youth promising guaranteed government job placements using forged sanction letters. Supreme Court reviewed financial transaction evidence and established dishonest inducement from inception under cheating provisions. Ruling: Partial.,Partial,True
SYN_CRI_0247,crime,criminal_trespass,District Court,"Synthetic Case: Accused forcibly entered fenced private farm property post-sunset following a boundary altercation, attempting to alter land boundary markers. District Court verified unauthorized physical entry with intent to commit an offense or intimidate the lawful possessor. Ruling: Accepted.",Accepted,True
SYN_CRI_0248,crime,public_nuisance,High Court,"Synthetic Case: Residents petitioned against an unauthorized stone crushing unit operating near residential dwellings, citing excessive dust and noise pollution beyond permissible health limits. High Court ordered compliance with environmental standards and public nuisance restrictions. Ruling: Rejected.",Rejected,True
SYN_CRI_0249,crime,extortion_demands,Supreme Court,Synthetic Case: Local shopkeeper filed complaint alleging monthly unlawful monetary demands under threat of business disruption by a village group. Supreme Court evaluated digital call recordings and witness testimony to affirm extortion charges. Ruling: Partial.,Partial,True
SYN_CRI_0250,crime,mischief_property_damage,District Court,"Synthetic Case: Accused intentionally breached an embankment wall during heavy rains, causing flooding and damage to complainant's standing standing crops. District Court assessed physical inspection reports establishing intentional property damage under mischief provisions. Ruling: Accepted.",Accepted,True
SYN_WOM_0001,women_violence_marriage,domestic_violence_498a,District Court,"Synthetic Case: Application filed under the Protection of Women from Domestic Violence Act seeking protection orders, monetary relief, and right to shared household following emotional cruelty and physical exclusion. Respondents argued independent living status. District Court issued protection and residence orders based on proof of marital residence. Ruling: Accepted.",Accepted,True
SYN_WOM_0002,women_violence_marriage,dowry_harassment,High Court,"Synthetic Case: Complaint alleging persistent demands for motor vehicles and cash post-marriage accompanied by social isolation and harassment. High Court reviewed corroborative statements from local residents, medical records, and communication records to evaluate cruelty and dowry demands. Ruling: Rejected.",Rejected,True
SYN_WOM_0003,women_violence_marriage,maintenance_125_crpc,Supreme Court,Synthetic Case: Deserted spouse and minor child sought monthly maintenance under statutory provisions (CrPC Section 125 / BNSS Section 144). Respondent claimed lack of regular income despite holding 12 bighas of agricultural land. Supreme Court assessed imputed earning capacity based on asset ownership and awarded monthly maintenance. Ruling: Partial.,Partial,True
SYN_WOM_0004,women_violence_marriage,child_custody,District Court,"Synthetic Case: Custody dispute over a 7-year-old child following marital separation. Father highlighted higher financial earnings, while mother demonstrated primary caregiving history and stable emotional environment. District Court ruled that paramount welfare of the minor child overrides financial superiority alone. Ruling: Accepted.",Accepted,True
SYN_WOM_0005,women_violence_marriage,posh_workplace_harassment,High Court,Synthetic Case: School teacher reported inappropriate physical gestures and verbal harassment by a senior administrator. Employer failed to constitute an Internal Complaints Committee as required under POSH legislation. High Court issued directions for setting up a compliant committee and interim protective transfer. Ruling: Rejected.,Rejected,True
SYN_WOM_0006,women_violence_marriage,protection_orders,Supreme Court,Synthetic Case: Urgent prayer for protection order prohibiting an estranged spouse from approaching the applicant's workplace or residence during ongoing matrimonial litigation. Supreme Court granted restraining orders enforcing non-contact and physical protection. Ruling: Partial.,Partial,True
SYN_WOM_0007,women_violence_marriage,marital_property_rights,District Court,"Synthetic Case: Petition seeking recovery of Stridhan properties, including gold ornaments and financial gifts, retained by in-laws after separation. District Court re-affirmed that Stridhan is the exclusive property of the woman and directed full restitution. Ruling: Accepted.",Accepted,True
SYN_WOM_0008,women_violence_marriage,restitution_conjugal_rights,High Court,Synthetic Case: Petition filed for restitution of conjugal rights following marital separation. Respondent proved reasonable excuse based on continuous verbal cruelty and financial neglect. High Court dismissed restitution prayer. Ruling: Rejected.,Rejected,True
SYN_WOM_0009,women_violence_marriage,interim_maintenance_enhancement,Supreme Court,Synthetic Case: Application seeking enhancement of interim maintenance due to rising educational costs of minor children and medical expenses. Supreme Court verified respondent's revised income tax returns and enhanced monthly maintenance grant. Ruling: Partial.,Partial,True
SYN_WOM_0010,women_violence_marriage,maternal_right_to_residence,District Court,"Synthetic Case: Aggrieved woman evicted from shared matrimonial home by in-laws during husband's overseas absence. District Court enforced statutory right of residence under domestic violence laws, ordering immediate re-entry and police protection. Ruling: Accepted.",Accepted,True
SYN_WOM_0011,women_violence_marriage,desertion_cruelty_divorce,High Court,Synthetic Case: Petition for dissolution of marriage on ground of continuous desertion for over 2 years without reasonable cause. High Court evaluated witness testimonies establishing intentional abandonment and granted decree. Ruling: Rejected.,Rejected,True
SYN_WOM_0012,women_violence_marriage,domestic_violence_498a,Supreme Court,"Synthetic Case: Application filed under the Protection of Women from Domestic Violence Act seeking protection orders, monetary relief, and right to shared household following emotional cruelty and physical exclusion. Respondents argued independent living status. Supreme Court issued protection and residence orders based on proof of marital residence. Ruling: Partial.",Partial,True
SYN_WOM_0013,women_violence_marriage,dowry_harassment,District Court,"Synthetic Case: Complaint alleging persistent demands for motor vehicles and cash post-marriage accompanied by social isolation and harassment. District Court reviewed corroborative statements from local residents, medical records, and communication records to evaluate cruelty and dowry demands. Ruling: Accepted.",Accepted,True
SYN_WOM_0014,women_violence_marriage,maintenance_125_crpc,High Court,Synthetic Case: Deserted spouse and minor child sought monthly maintenance under statutory provisions (CrPC Section 125 / BNSS Section 144). Respondent claimed lack of regular income despite holding 5 bighas of agricultural land. High Court assessed imputed earning capacity based on asset ownership and awarded monthly maintenance. Ruling: Rejected.,Rejected,True
SYN_WOM_0015,women_violence_marriage,child_custody,Supreme Court,"Synthetic Case: Custody dispute over a 7-year-old child following marital separation. Father highlighted higher financial earnings, while mother demonstrated primary caregiving history and stable emotional environment. Supreme Court ruled that paramount welfare of the minor child overrides financial superiority alone. Ruling: Partial.",Partial,True
SYN_WOM_0016,women_violence_marriage,posh_workplace_harassment,District Court,Synthetic Case: School teacher reported inappropriate physical gestures and verbal harassment by a senior administrator. Employer failed to constitute an Internal Complaints Committee as required under POSH legislation. District Court issued directions for setting up a compliant committee and interim protective transfer. Ruling: Accepted.,Accepted,True
SYN_WOM_0017,women_violence_marriage,protection_orders,High Court,Synthetic Case: Urgent prayer for protection order prohibiting an estranged spouse from approaching the applicant's workplace or residence during ongoing matrimonial litigation. High Court granted restraining orders enforcing non-contact and physical protection. Ruling: Rejected.,Rejected,True
SYN_WOM_0018,women_violence_marriage,marital_property_rights,Supreme Court,"Synthetic Case: Petition seeking recovery of Stridhan properties, including gold ornaments and financial gifts, retained by in-laws after separation. Supreme Court re-affirmed that Stridhan is the exclusive property of the woman and directed full restitution. Ruling: Partial.",Partial,True
SYN_WOM_0019,women_violence_marriage,restitution_conjugal_rights,District Court,Synthetic Case: Petition filed for restitution of conjugal rights following marital separation. Respondent proved reasonable excuse based on continuous verbal cruelty and financial neglect. District Court dismissed restitution prayer. Ruling: Accepted.,Accepted,True
SYN_WOM_0020,women_violence_marriage,interim_maintenance_enhancement,High Court,Synthetic Case: Application seeking enhancement of interim maintenance due to rising educational costs of minor children and medical expenses. High Court verified respondent's revised income tax returns and enhanced monthly maintenance grant. Ruling: Rejected.,Rejected,True
SYN_WOM_0021,women_violence_marriage,maternal_right_to_residence,Supreme Court,"Synthetic Case: Aggrieved woman evicted from shared matrimonial home by in-laws during husband's overseas absence. Supreme Court enforced statutory right of residence under domestic violence laws, ordering immediate re-entry and police protection. Ruling: Partial.",Partial,True
SYN_WOM_0022,women_violence_marriage,desertion_cruelty_divorce,District Court,Synthetic Case: Petition for dissolution of marriage on ground of continuous desertion for over 2 years without reasonable cause. District Court evaluated witness testimonies establishing intentional abandonment and granted decree. Ruling: Accepted.,Accepted,True
SYN_WOM_0023,women_violence_marriage,domestic_violence_498a,High Court,"Synthetic Case: Application filed under the Protection of Women from Domestic Violence Act seeking protection orders, monetary relief, and right to shared household following emotional cruelty and physical exclusion. Respondents argued independent living status. High Court issued protection and residence orders based on proof of marital residence. Ruling: Rejected.",Rejected,True
SYN_WOM_0024,women_violence_marriage,dowry_harassment,Supreme Court,"Synthetic Case: Complaint alleging persistent demands for motor vehicles and cash post-marriage accompanied by social isolation and harassment. Supreme Court reviewed corroborative statements from local residents, medical records, and communication records to evaluate cruelty and dowry demands. Ruling: Partial.",Partial,True
SYN_WOM_0025,women_violence_marriage,maintenance_125_crpc,District Court,Synthetic Case: Deserted spouse and minor child sought monthly maintenance under statutory provisions (CrPC Section 125 / BNSS Section 144). Respondent claimed lack of regular income despite holding 0.8 acres of agricultural land. District Court assessed imputed earning capacity based on asset ownership and awarded monthly maintenance. Ruling: Accepted.,Accepted,True
SYN_WOM_0026,women_violence_marriage,child_custody,High Court,"Synthetic Case: Custody dispute over a 7-year-old child following marital separation. Father highlighted higher financial earnings, while mother demonstrated primary caregiving history and stable emotional environment. High Court ruled that paramount welfare of the minor child overrides financial superiority alone. Ruling: Rejected.",Rejected,True
SYN_WOM_0027,women_violence_marriage,posh_workplace_harassment,Supreme Court,Synthetic Case: School teacher reported inappropriate physical gestures and verbal harassment by a senior administrator. Employer failed to constitute an Internal Complaints Committee as required under POSH legislation. Supreme Court issued directions for setting up a compliant committee and interim protective transfer. Ruling: Partial.,Partial,True
SYN_WOM_0028,women_violence_marriage,protection_orders,District Court,Synthetic Case: Urgent prayer for protection order prohibiting an estranged spouse from approaching the applicant's workplace or residence during ongoing matrimonial litigation. District Court granted restraining orders enforcing non-contact and physical protection. Ruling: Accepted.,Accepted,True
SYN_WOM_0029,women_violence_marriage,marital_property_rights,High Court,"Synthetic Case: Petition seeking recovery of Stridhan properties, including gold ornaments and financial gifts, retained by in-laws after separation. High Court re-affirmed that Stridhan is the exclusive property of the woman and directed full restitution. Ruling: Rejected.",Rejected,True
SYN_WOM_0030,women_violence_marriage,restitution_conjugal_rights,Supreme Court,Synthetic Case: Petition filed for restitution of conjugal rights following marital separation. Respondent proved reasonable excuse based on continuous verbal cruelty and financial neglect. Supreme Court dismissed restitution prayer. Ruling: Partial.,Partial,True
SYN_WOM_0031,women_violence_marriage,interim_maintenance_enhancement,District Court,Synthetic Case: Application seeking enhancement of interim maintenance due to rising educational costs of minor children and medical expenses. District Court verified respondent's revised income tax returns and enhanced monthly maintenance grant. Ruling: Accepted.,Accepted,True
SYN_WOM_0032,women_violence_marriage,maternal_right_to_residence,High Court,"Synthetic Case: Aggrieved woman evicted from shared matrimonial home by in-laws during husband's overseas absence. High Court enforced statutory right of residence under domestic violence laws, ordering immediate re-entry and police protection. Ruling: Rejected.",Rejected,True
SYN_WOM_0033,women_violence_marriage,desertion_cruelty_divorce,Supreme Court,Synthetic Case: Petition for dissolution of marriage on ground of continuous desertion for over 2 years without reasonable cause. Supreme Court evaluated witness testimonies establishing intentional abandonment and granted decree. Ruling: Partial.,Partial,True
SYN_WOM_0034,women_violence_marriage,domestic_violence_498a,District Court,"Synthetic Case: Application filed under the Protection of Women from Domestic Violence Act seeking protection orders, monetary relief, and right to shared household following emotional cruelty and physical exclusion. Respondents argued independent living status. District Court issued protection and residence orders based on proof of marital residence. Ruling: Accepted.",Accepted,True
SYN_WOM_0035,women_violence_marriage,dowry_harassment,High Court,"Synthetic Case: Complaint alleging persistent demands for motor vehicles and cash post-marriage accompanied by social isolation and harassment. High Court reviewed corroborative statements from local residents, medical records, and communication records to evaluate cruelty and dowry demands. Ruling: Rejected.",Rejected,True
SYN_WOM_0036,women_violence_marriage,maintenance_125_crpc,Supreme Court,Synthetic Case: Deserted spouse and minor child sought monthly maintenance under statutory provisions (CrPC Section 125 / BNSS Section 144). Respondent claimed lack of regular income despite holding 2.5 acres of agricultural land. Supreme Court assessed imputed earning capacity based on asset ownership and awarded monthly maintenance. Ruling: Partial.,Partial,True
SYN_WOM_0037,women_violence_marriage,child_custody,District Court,"Synthetic Case: Custody dispute over a 7-year-old child following marital separation. Father highlighted higher financial earnings, while mother demonstrated primary caregiving history and stable emotional environment. District Court ruled that paramount welfare of the minor child overrides financial superiority alone. Ruling: Accepted.",Accepted,True
SYN_WOM_0038,women_violence_marriage,posh_workplace_harassment,High Court,Synthetic Case: School teacher reported inappropriate physical gestures and verbal harassment by a senior administrator. Employer failed to constitute an Internal Complaints Committee as required under POSH legislation. High Court issued directions for setting up a compliant committee and interim protective transfer. Ruling: Rejected.,Rejected,True
SYN_WOM_0039,women_violence_marriage,protection_orders,Supreme Court,Synthetic Case: Urgent prayer for protection order prohibiting an estranged spouse from approaching the applicant's workplace or residence during ongoing matrimonial litigation. Supreme Court granted restraining orders enforcing non-contact and physical protection. Ruling: Partial.,Partial,True
SYN_WOM_0040,women_violence_marriage,marital_property_rights,District Court,"Synthetic Case: Petition seeking recovery of Stridhan properties, including gold ornaments and financial gifts, retained by in-laws after separation. District Court re-affirmed that Stridhan is the exclusive property of the woman and directed full restitution. Ruling: Accepted.",Accepted,True
SYN_WOM_0041,women_violence_marriage,restitution_conjugal_rights,High Court,Synthetic Case: Petition filed for restitution of conjugal rights following marital separation. Respondent proved reasonable excuse based on continuous verbal cruelty and financial neglect. High Court dismissed restitution prayer. Ruling: Rejected.,Rejected,True
SYN_WOM_0042,women_violence_marriage,interim_maintenance_enhancement,Supreme Court,Synthetic Case: Application seeking enhancement of interim maintenance due to rising educational costs of minor children and medical expenses. Supreme Court verified respondent's revised income tax returns and enhanced monthly maintenance grant. Ruling: Partial.,Partial,True
SYN_WOM_0043,women_violence_marriage,maternal_right_to_residence,District Court,"Synthetic Case: Aggrieved woman evicted from shared matrimonial home by in-laws during husband's overseas absence. District Court enforced statutory right of residence under domestic violence laws, ordering immediate re-entry and police protection. Ruling: Accepted.",Accepted,True
SYN_WOM_0044,women_violence_marriage,desertion_cruelty_divorce,High Court,Synthetic Case: Petition for dissolution of marriage on ground of continuous desertion for over 2 years without reasonable cause. High Court evaluated witness testimonies establishing intentional abandonment and granted decree. Ruling: Rejected.,Rejected,True
SYN_WOM_0045,women_violence_marriage,domestic_violence_498a,Supreme Court,"Synthetic Case: Application filed under the Protection of Women from Domestic Violence Act seeking protection orders, monetary relief, and right to shared household following emotional cruelty and physical exclusion. Respondents argued independent living status. Supreme Court issued protection and residence orders based on proof of marital residence. Ruling: Partial.",Partial,True
SYN_WOM_0046,women_violence_marriage,dowry_harassment,District Court,"Synthetic Case: Complaint alleging persistent demands for motor vehicles and cash post-marriage accompanied by social isolation and harassment. District Court reviewed corroborative statements from local residents, medical records, and communication records to evaluate cruelty and dowry demands. Ruling: Accepted.",Accepted,True
SYN_WOM_0047,women_violence_marriage,maintenance_125_crpc,High Court,Synthetic Case: Deserted spouse and minor child sought monthly maintenance under statutory provisions (CrPC Section 125 / BNSS Section 144). Respondent claimed lack of regular income despite holding 5 bighas of agricultural land. High Court assessed imputed earning capacity based on asset ownership and awarded monthly maintenance. Ruling: Rejected.,Rejected,True
SYN_WOM_0048,women_violence_marriage,child_custody,Supreme Court,"Synthetic Case: Custody dispute over a 7-year-old child following marital separation. Father highlighted higher financial earnings, while mother demonstrated primary caregiving history and stable emotional environment. Supreme Court ruled that paramount welfare of the minor child overrides financial superiority alone. Ruling: Partial.",Partial,True
SYN_WOM_0049,women_violence_marriage,posh_workplace_harassment,District Court,Synthetic Case: School teacher reported inappropriate physical gestures and verbal harassment by a senior administrator. Employer failed to constitute an Internal Complaints Committee as required under POSH legislation. District Court issued directions for setting up a compliant committee and interim protective transfer. Ruling: Accepted.,Accepted,True
SYN_WOM_0050,women_violence_marriage,protection_orders,High Court,Synthetic Case: Urgent prayer for protection order prohibiting an estranged spouse from approaching the applicant's workplace or residence during ongoing matrimonial litigation. High Court granted restraining orders enforcing non-contact and physical protection. Ruling: Rejected.,Rejected,True
SYN_WOM_0051,women_violence_marriage,marital_property_rights,Supreme Court,"Synthetic Case: Petition seeking recovery of Stridhan properties, including gold ornaments and financial gifts, retained by in-laws after separation. Supreme Court re-affirmed that Stridhan is the exclusive property of the woman and directed full restitution. Ruling: Partial.",Partial,True
SYN_WOM_0052,women_violence_marriage,restitution_conjugal_rights,District Court,Synthetic Case: Petition filed for restitution of conjugal rights following marital separation. Respondent proved reasonable excuse based on continuous verbal cruelty and financial neglect. District Court dismissed restitution prayer. Ruling: Accepted.,Accepted,True
SYN_WOM_0053,women_violence_marriage,interim_maintenance_enhancement,High Court,Synthetic Case: Application seeking enhancement of interim maintenance due to rising educational costs of minor children and medical expenses. High Court verified respondent's revised income tax returns and enhanced monthly maintenance grant. Ruling: Rejected.,Rejected,True
SYN_WOM_0054,women_violence_marriage,maternal_right_to_residence,Supreme Court,"Synthetic Case: Aggrieved woman evicted from shared matrimonial home by in-laws during husband's overseas absence. Supreme Court enforced statutory right of residence under domestic violence laws, ordering immediate re-entry and police protection. Ruling: Partial.",Partial,True
SYN_WOM_0055,women_violence_marriage,desertion_cruelty_divorce,District Court,Synthetic Case: Petition for dissolution of marriage on ground of continuous desertion for over 2 years without reasonable cause. District Court evaluated witness testimonies establishing intentional abandonment and granted decree. Ruling: Accepted.,Accepted,True
SYN_WOM_0056,women_violence_marriage,domestic_violence_498a,High Court,"Synthetic Case: Application filed under the Protection of Women from Domestic Violence Act seeking protection orders, monetary relief, and right to shared household following emotional cruelty and physical exclusion. Respondents argued independent living status. High Court issued protection and residence orders based on proof of marital residence. Ruling: Rejected.",Rejected,True
SYN_WOM_0057,women_violence_marriage,dowry_harassment,Supreme Court,"Synthetic Case: Complaint alleging persistent demands for motor vehicles and cash post-marriage accompanied by social isolation and harassment. Supreme Court reviewed corroborative statements from local residents, medical records, and communication records to evaluate cruelty and dowry demands. Ruling: Partial.",Partial,True
SYN_WOM_0058,women_violence_marriage,maintenance_125_crpc,District Court,Synthetic Case: Deserted spouse and minor child sought monthly maintenance under statutory provisions (CrPC Section 125 / BNSS Section 144). Respondent claimed lack of regular income despite holding 4.0 acres of agricultural land. District Court assessed imputed earning capacity based on asset ownership and awarded monthly maintenance. Ruling: Accepted.,Accepted,True
SYN_WOM_0059,women_violence_marriage,child_custody,High Court,"Synthetic Case: Custody dispute over a 7-year-old child following marital separation. Father highlighted higher financial earnings, while mother demonstrated primary caregiving history and stable emotional environment. High Court ruled that paramount welfare of the minor child overrides financial superiority alone. Ruling: Rejected.",Rejected,True
SYN_WOM_0060,women_violence_marriage,posh_workplace_harassment,Supreme Court,Synthetic Case: School teacher reported inappropriate physical gestures and verbal harassment by a senior administrator. Employer failed to constitute an Internal Complaints Committee as required under POSH legislation. Supreme Court issued directions for setting up a compliant committee and interim protective transfer. Ruling: Partial.,Partial,True
SYN_WOM_0061,women_violence_marriage,protection_orders,District Court,Synthetic Case: Urgent prayer for protection order prohibiting an estranged spouse from approaching the applicant's workplace or residence during ongoing matrimonial litigation. District Court granted restraining orders enforcing non-contact and physical protection. Ruling: Accepted.,Accepted,True
SYN_WOM_0062,women_violence_marriage,marital_property_rights,High Court,"Synthetic Case: Petition seeking recovery of Stridhan properties, including gold ornaments and financial gifts, retained by in-laws after separation. High Court re-affirmed that Stridhan is the exclusive property of the woman and directed full restitution. Ruling: Rejected.",Rejected,True
SYN_WOM_0063,women_violence_marriage,restitution_conjugal_rights,Supreme Court,Synthetic Case: Petition filed for restitution of conjugal rights following marital separation. Respondent proved reasonable excuse based on continuous verbal cruelty and financial neglect. Supreme Court dismissed restitution prayer. Ruling: Partial.,Partial,True
SYN_WOM_0064,women_violence_marriage,interim_maintenance_enhancement,District Court,Synthetic Case: Application seeking enhancement of interim maintenance due to rising educational costs of minor children and medical expenses. District Court verified respondent's revised income tax returns and enhanced monthly maintenance grant. Ruling: Accepted.,Accepted,True
SYN_WOM_0065,women_violence_marriage,maternal_right_to_residence,High Court,"Synthetic Case: Aggrieved woman evicted from shared matrimonial home by in-laws during husband's overseas absence. High Court enforced statutory right of residence under domestic violence laws, ordering immediate re-entry and police protection. Ruling: Rejected.",Rejected,True
SYN_WOM_0066,women_violence_marriage,desertion_cruelty_divorce,Supreme Court,Synthetic Case: Petition for dissolution of marriage on ground of continuous desertion for over 2 years without reasonable cause. Supreme Court evaluated witness testimonies establishing intentional abandonment and granted decree. Ruling: Partial.,Partial,True
SYN_WOM_0067,women_violence_marriage,domestic_violence_498a,District Court,"Synthetic Case: Application filed under the Protection of Women from Domestic Violence Act seeking protection orders, monetary relief, and right to shared household following emotional cruelty and physical exclusion. Respondents argued independent living status. District Court issued protection and residence orders based on proof of marital residence. Ruling: Accepted.",Accepted,True
SYN_WOM_0068,women_violence_marriage,dowry_harassment,High Court,"Synthetic Case: Complaint alleging persistent demands for motor vehicles and cash post-marriage accompanied by social isolation and harassment. High Court reviewed corroborative statements from local residents, medical records, and communication records to evaluate cruelty and dowry demands. Ruling: Rejected.",Rejected,True
SYN_WOM_0069,women_violence_marriage,maintenance_125_crpc,Supreme Court,Synthetic Case: Deserted spouse and minor child sought monthly maintenance under statutory provisions (CrPC Section 125 / BNSS Section 144). Respondent claimed lack of regular income despite holding 1.2 acres of agricultural land. Supreme Court assessed imputed earning capacity based on asset ownership and awarded monthly maintenance. Ruling: Partial.,Partial,True
SYN_WOM_0070,women_violence_marriage,child_custody,District Court,"Synthetic Case: Custody dispute over a 7-year-old child following marital separation. Father highlighted higher financial earnings, while mother demonstrated primary caregiving history and stable emotional environment. District Court ruled that paramount welfare of the minor child overrides financial superiority alone. Ruling: Accepted.",Accepted,True
SYN_WOM_0071,women_violence_marriage,posh_workplace_harassment,High Court,Synthetic Case: School teacher reported inappropriate physical gestures and verbal harassment by a senior administrator. Employer failed to constitute an Internal Complaints Committee as required under POSH legislation. High Court issued directions for setting up a compliant committee and interim protective transfer. Ruling: Rejected.,Rejected,True
SYN_WOM_0072,women_violence_marriage,protection_orders,Supreme Court,Synthetic Case: Urgent prayer for protection order prohibiting an estranged spouse from approaching the applicant's workplace or residence during ongoing matrimonial litigation. Supreme Court granted restraining orders enforcing non-contact and physical protection. Ruling: Partial.,Partial,True
SYN_WOM_0073,women_violence_marriage,marital_property_rights,District Court,"Synthetic Case: Petition seeking recovery of Stridhan properties, including gold ornaments and financial gifts, retained by in-laws after separation. District Court re-affirmed that Stridhan is the exclusive property of the woman and directed full restitution. Ruling: Accepted.",Accepted,True
SYN_WOM_0074,women_violence_marriage,restitution_conjugal_rights,High Court,Synthetic Case: Petition filed for restitution of conjugal rights following marital separation. Respondent proved reasonable excuse based on continuous verbal cruelty and financial neglect. High Court dismissed restitution prayer. Ruling: Rejected.,Rejected,True
SYN_WOM_0075,women_violence_marriage,interim_maintenance_enhancement,Supreme Court,Synthetic Case: Application seeking enhancement of interim maintenance due to rising educational costs of minor children and medical expenses. Supreme Court verified respondent's revised income tax returns and enhanced monthly maintenance grant. Ruling: Partial.,Partial,True
SYN_WOM_0076,women_violence_marriage,maternal_right_to_residence,District Court,"Synthetic Case: Aggrieved woman evicted from shared matrimonial home by in-laws during husband's overseas absence. District Court enforced statutory right of residence under domestic violence laws, ordering immediate re-entry and police protection. Ruling: Accepted.",Accepted,True
SYN_WOM_0077,women_violence_marriage,desertion_cruelty_divorce,High Court,Synthetic Case: Petition for dissolution of marriage on ground of continuous desertion for over 2 years without reasonable cause. High Court evaluated witness testimonies establishing intentional abandonment and granted decree. Ruling: Rejected.,Rejected,True
SYN_WOM_0078,women_violence_marriage,domestic_violence_498a,Supreme Court,"Synthetic Case: Application filed under the Protection of Women from Domestic Violence Act seeking protection orders, monetary relief, and right to shared household following emotional cruelty and physical exclusion. Respondents argued independent living status. Supreme Court issued protection and residence orders based on proof of marital residence. Ruling: Partial.",Partial,True
SYN_WOM_0079,women_violence_marriage,dowry_harassment,District Court,"Synthetic Case: Complaint alleging persistent demands for motor vehicles and cash post-marriage accompanied by social isolation and harassment. District Court reviewed corroborative statements from local residents, medical records, and communication records to evaluate cruelty and dowry demands. Ruling: Accepted.",Accepted,True
SYN_WOM_0080,women_violence_marriage,maintenance_125_crpc,High Court,Synthetic Case: Deserted spouse and minor child sought monthly maintenance under statutory provisions (CrPC Section 125 / BNSS Section 144). Respondent claimed lack of regular income despite holding 12 bighas of agricultural land. High Court assessed imputed earning capacity based on asset ownership and awarded monthly maintenance. Ruling: Rejected.,Rejected,True
SYN_WOM_0081,women_violence_marriage,child_custody,Supreme Court,"Synthetic Case: Custody dispute over a 7-year-old child following marital separation. Father highlighted higher financial earnings, while mother demonstrated primary caregiving history and stable emotional environment. Supreme Court ruled that paramount welfare of the minor child overrides financial superiority alone. Ruling: Partial.",Partial,True
SYN_WOM_0082,women_violence_marriage,posh_workplace_harassment,District Court,Synthetic Case: School teacher reported inappropriate physical gestures and verbal harassment by a senior administrator. Employer failed to constitute an Internal Complaints Committee as required under POSH legislation. District Court issued directions for setting up a compliant committee and interim protective transfer. Ruling: Accepted.,Accepted,True
SYN_WOM_0083,women_violence_marriage,protection_orders,High Court,Synthetic Case: Urgent prayer for protection order prohibiting an estranged spouse from approaching the applicant's workplace or residence during ongoing matrimonial litigation. High Court granted restraining orders enforcing non-contact and physical protection. Ruling: Rejected.,Rejected,True
SYN_WOM_0084,women_violence_marriage,marital_property_rights,Supreme Court,"Synthetic Case: Petition seeking recovery of Stridhan properties, including gold ornaments and financial gifts, retained by in-laws after separation. Supreme Court re-affirmed that Stridhan is the exclusive property of the woman and directed full restitution. Ruling: Partial.",Partial,True
SYN_WOM_0085,women_violence_marriage,restitution_conjugal_rights,District Court,Synthetic Case: Petition filed for restitution of conjugal rights following marital separation. Respondent proved reasonable excuse based on continuous verbal cruelty and financial neglect. District Court dismissed restitution prayer. Ruling: Accepted.,Accepted,True
SYN_WOM_0086,women_violence_marriage,interim_maintenance_enhancement,High Court,Synthetic Case: Application seeking enhancement of interim maintenance due to rising educational costs of minor children and medical expenses. High Court verified respondent's revised income tax returns and enhanced monthly maintenance grant. Ruling: Rejected.,Rejected,True
SYN_WOM_0087,women_violence_marriage,maternal_right_to_residence,Supreme Court,"Synthetic Case: Aggrieved woman evicted from shared matrimonial home by in-laws during husband's overseas absence. Supreme Court enforced statutory right of residence under domestic violence laws, ordering immediate re-entry and police protection. Ruling: Partial.",Partial,True
SYN_WOM_0088,women_violence_marriage,desertion_cruelty_divorce,District Court,Synthetic Case: Petition for dissolution of marriage on ground of continuous desertion for over 2 years without reasonable cause. District Court evaluated witness testimonies establishing intentional abandonment and granted decree. Ruling: Accepted.,Accepted,True
SYN_WOM_0089,women_violence_marriage,domestic_violence_498a,High Court,"Synthetic Case: Application filed under the Protection of Women from Domestic Violence Act seeking protection orders, monetary relief, and right to shared household following emotional cruelty and physical exclusion. Respondents argued independent living status. High Court issued protection and residence orders based on proof of marital residence. Ruling: Rejected.",Rejected,True
SYN_WOM_0090,women_violence_marriage,dowry_harassment,Supreme Court,"Synthetic Case: Complaint alleging persistent demands for motor vehicles and cash post-marriage accompanied by social isolation and harassment. Supreme Court reviewed corroborative statements from local residents, medical records, and communication records to evaluate cruelty and dowry demands. Ruling: Partial.",Partial,True
SYN_WOM_0091,women_violence_marriage,maintenance_125_crpc,District Court,Synthetic Case: Deserted spouse and minor child sought monthly maintenance under statutory provisions (CrPC Section 125 / BNSS Section 144). Respondent claimed lack of regular income despite holding 0.8 acres of agricultural land. District Court assessed imputed earning capacity based on asset ownership and awarded monthly maintenance. Ruling: Accepted.,Accepted,True
SYN_WOM_0092,women_violence_marriage,child_custody,High Court,"Synthetic Case: Custody dispute over a 7-year-old child following marital separation. Father highlighted higher financial earnings, while mother demonstrated primary caregiving history and stable emotional environment. High Court ruled that paramount welfare of the minor child overrides financial superiority alone. Ruling: Rejected.",Rejected,True
SYN_WOM_0093,women_violence_marriage,posh_workplace_harassment,Supreme Court,Synthetic Case: School teacher reported inappropriate physical gestures and verbal harassment by a senior administrator. Employer failed to constitute an Internal Complaints Committee as required under POSH legislation. Supreme Court issued directions for setting up a compliant committee and interim protective transfer. Ruling: Partial.,Partial,True
SYN_WOM_0094,women_violence_marriage,protection_orders,District Court,Synthetic Case: Urgent prayer for protection order prohibiting an estranged spouse from approaching the applicant's workplace or residence during ongoing matrimonial litigation. District Court granted restraining orders enforcing non-contact and physical protection. Ruling: Accepted.,Accepted,True
SYN_WOM_0095,women_violence_marriage,marital_property_rights,High Court,"Synthetic Case: Petition seeking recovery of Stridhan properties, including gold ornaments and financial gifts, retained by in-laws after separation. High Court re-affirmed that Stridhan is the exclusive property of the woman and directed full restitution. Ruling: Rejected.",Rejected,True
SYN_WOM_0096,women_violence_marriage,restitution_conjugal_rights,Supreme Court,Synthetic Case: Petition filed for restitution of conjugal rights following marital separation. Respondent proved reasonable excuse based on continuous verbal cruelty and financial neglect. Supreme Court dismissed restitution prayer. Ruling: Partial.,Partial,True
SYN_WOM_0097,women_violence_marriage,interim_maintenance_enhancement,District Court,Synthetic Case: Application seeking enhancement of interim maintenance due to rising educational costs of minor children and medical expenses. District Court verified respondent's revised income tax returns and enhanced monthly maintenance grant. Ruling: Accepted.,Accepted,True
SYN_WOM_0098,women_violence_marriage,maternal_right_to_residence,High Court,"Synthetic Case: Aggrieved woman evicted from shared matrimonial home by in-laws during husband's overseas absence. High Court enforced statutory right of residence under domestic violence laws, ordering immediate re-entry and police protection. Ruling: Rejected.",Rejected,True
SYN_WOM_0099,women_violence_marriage,desertion_cruelty_divorce,Supreme Court,Synthetic Case: Petition for dissolution of marriage on ground of continuous desertion for over 2 years without reasonable cause. Supreme Court evaluated witness testimonies establishing intentional abandonment and granted decree. Ruling: Partial.,Partial,True
SYN_WOM_0100,women_violence_marriage,domestic_violence_498a,District Court,"Synthetic Case: Application filed under the Protection of Women from Domestic Violence Act seeking protection orders, monetary relief, and right to shared household following emotional cruelty and physical exclusion. Respondents argued independent living status. District Court issued protection and residence orders based on proof of marital residence. Ruling: Accepted.",Accepted,True
SYN_WOM_0101,women_violence_marriage,dowry_harassment,High Court,"Synthetic Case: Complaint alleging persistent demands for motor vehicles and cash post-marriage accompanied by social isolation and harassment. High Court reviewed corroborative statements from local residents, medical records, and communication records to evaluate cruelty and dowry demands. Ruling: Rejected.",Rejected,True
SYN_WOM_0102,women_violence_marriage,maintenance_125_crpc,Supreme Court,Synthetic Case: Deserted spouse and minor child sought monthly maintenance under statutory provisions (CrPC Section 125 / BNSS Section 144). Respondent claimed lack of regular income despite holding 2.0 bighas of agricultural land. Supreme Court assessed imputed earning capacity based on asset ownership and awarded monthly maintenance. Ruling: Partial.,Partial,True
SYN_WOM_0103,women_violence_marriage,child_custody,District Court,"Synthetic Case: Custody dispute over a 7-year-old child following marital separation. Father highlighted higher financial earnings, while mother demonstrated primary caregiving history and stable emotional environment. District Court ruled that paramount welfare of the minor child overrides financial superiority alone. Ruling: Accepted.",Accepted,True
SYN_WOM_0104,women_violence_marriage,posh_workplace_harassment,High Court,Synthetic Case: School teacher reported inappropriate physical gestures and verbal harassment by a senior administrator. Employer failed to constitute an Internal Complaints Committee as required under POSH legislation. High Court issued directions for setting up a compliant committee and interim protective transfer. Ruling: Rejected.,Rejected,True
SYN_WOM_0105,women_violence_marriage,protection_orders,Supreme Court,Synthetic Case: Urgent prayer for protection order prohibiting an estranged spouse from approaching the applicant's workplace or residence during ongoing matrimonial litigation. Supreme Court granted restraining orders enforcing non-contact and physical protection. Ruling: Partial.,Partial,True
SYN_WOM_0106,women_violence_marriage,marital_property_rights,District Court,"Synthetic Case: Petition seeking recovery of Stridhan properties, including gold ornaments and financial gifts, retained by in-laws after separation. District Court re-affirmed that Stridhan is the exclusive property of the woman and directed full restitution. Ruling: Accepted.",Accepted,True
SYN_WOM_0107,women_violence_marriage,restitution_conjugal_rights,High Court,Synthetic Case: Petition filed for restitution of conjugal rights following marital separation. Respondent proved reasonable excuse based on continuous verbal cruelty and financial neglect. High Court dismissed restitution prayer. Ruling: Rejected.,Rejected,True
SYN_WOM_0108,women_violence_marriage,interim_maintenance_enhancement,Supreme Court,Synthetic Case: Application seeking enhancement of interim maintenance due to rising educational costs of minor children and medical expenses. Supreme Court verified respondent's revised income tax returns and enhanced monthly maintenance grant. Ruling: Partial.,Partial,True
SYN_WOM_0109,women_violence_marriage,maternal_right_to_residence,District Court,"Synthetic Case: Aggrieved woman evicted from shared matrimonial home by in-laws during husband's overseas absence. District Court enforced statutory right of residence under domestic violence laws, ordering immediate re-entry and police protection. Ruling: Accepted.",Accepted,True
SYN_WOM_0110,women_violence_marriage,desertion_cruelty_divorce,High Court,Synthetic Case: Petition for dissolution of marriage on ground of continuous desertion for over 2 years without reasonable cause. High Court evaluated witness testimonies establishing intentional abandonment and granted decree. Ruling: Rejected.,Rejected,True
SYN_WOM_0111,women_violence_marriage,domestic_violence_498a,Supreme Court,"Synthetic Case: Application filed under the Protection of Women from Domestic Violence Act seeking protection orders, monetary relief, and right to shared household following emotional cruelty and physical exclusion. Respondents argued independent living status. Supreme Court issued protection and residence orders based on proof of marital residence. Ruling: Partial.",Partial,True
SYN_WOM_0112,women_violence_marriage,dowry_harassment,District Court,"Synthetic Case: Complaint alleging persistent demands for motor vehicles and cash post-marriage accompanied by social isolation and harassment. District Court reviewed corroborative statements from local residents, medical records, and communication records to evaluate cruelty and dowry demands. Ruling: Accepted.",Accepted,True
SYN_WOM_0113,women_violence_marriage,maintenance_125_crpc,High Court,Synthetic Case: Deserted spouse and minor child sought monthly maintenance under statutory provisions (CrPC Section 125 / BNSS Section 144). Respondent claimed lack of regular income despite holding 2.0 bighas of agricultural land. High Court assessed imputed earning capacity based on asset ownership and awarded monthly maintenance. Ruling: Rejected.,Rejected,True
SYN_WOM_0114,women_violence_marriage,child_custody,Supreme Court,"Synthetic Case: Custody dispute over a 7-year-old child following marital separation. Father highlighted higher financial earnings, while mother demonstrated primary caregiving history and stable emotional environment. Supreme Court ruled that paramount welfare of the minor child overrides financial superiority alone. Ruling: Partial.",Partial,True
SYN_WOM_0115,women_violence_marriage,posh_workplace_harassment,District Court,Synthetic Case: School teacher reported inappropriate physical gestures and verbal harassment by a senior administrator. Employer failed to constitute an Internal Complaints Committee as required under POSH legislation. District Court issued directions for setting up a compliant committee and interim protective transfer. Ruling: Accepted.,Accepted,True
SYN_WOM_0116,women_violence_marriage,protection_orders,High Court,Synthetic Case: Urgent prayer for protection order prohibiting an estranged spouse from approaching the applicant's workplace or residence during ongoing matrimonial litigation. High Court granted restraining orders enforcing non-contact and physical protection. Ruling: Rejected.,Rejected,True
SYN_WOM_0117,women_violence_marriage,marital_property_rights,Supreme Court,"Synthetic Case: Petition seeking recovery of Stridhan properties, including gold ornaments and financial gifts, retained by in-laws after separation. Supreme Court re-affirmed that Stridhan is the exclusive property of the woman and directed full restitution. Ruling: Partial.",Partial,True
SYN_WOM_0118,women_violence_marriage,restitution_conjugal_rights,District Court,Synthetic Case: Petition filed for restitution of conjugal rights following marital separation. Respondent proved reasonable excuse based on continuous verbal cruelty and financial neglect. District Court dismissed restitution prayer. Ruling: Accepted.,Accepted,True
SYN_WOM_0119,women_violence_marriage,interim_maintenance_enhancement,High Court,Synthetic Case: Application seeking enhancement of interim maintenance due to rising educational costs of minor children and medical expenses. High Court verified respondent's revised income tax returns and enhanced monthly maintenance grant. Ruling: Rejected.,Rejected,True
SYN_WOM_0120,women_violence_marriage,maternal_right_to_residence,Supreme Court,"Synthetic Case: Aggrieved woman evicted from shared matrimonial home by in-laws during husband's overseas absence. Supreme Court enforced statutory right of residence under domestic violence laws, ordering immediate re-entry and police protection. Ruling: Partial.",Partial,True
SYN_WOM_0121,women_violence_marriage,desertion_cruelty_divorce,District Court,Synthetic Case: Petition for dissolution of marriage on ground of continuous desertion for over 2 years without reasonable cause. District Court evaluated witness testimonies establishing intentional abandonment and granted decree. Ruling: Accepted.,Accepted,True
SYN_WOM_0122,women_violence_marriage,domestic_violence_498a,High Court,"Synthetic Case: Application filed under the Protection of Women from Domestic Violence Act seeking protection orders, monetary relief, and right to shared household following emotional cruelty and physical exclusion. Respondents argued independent living status. High Court issued protection and residence orders based on proof of marital residence. Ruling: Rejected.",Rejected,True
SYN_WOM_0123,women_violence_marriage,dowry_harassment,Supreme Court,"Synthetic Case: Complaint alleging persistent demands for motor vehicles and cash post-marriage accompanied by social isolation and harassment. Supreme Court reviewed corroborative statements from local residents, medical records, and communication records to evaluate cruelty and dowry demands. Ruling: Partial.",Partial,True
SYN_WOM_0124,women_violence_marriage,maintenance_125_crpc,District Court,Synthetic Case: Deserted spouse and minor child sought monthly maintenance under statutory provisions (CrPC Section 125 / BNSS Section 144). Respondent claimed lack of regular income despite holding 0.8 acres of agricultural land. District Court assessed imputed earning capacity based on asset ownership and awarded monthly maintenance. Ruling: Accepted.,Accepted,True
SYN_WOM_0125,women_violence_marriage,child_custody,High Court,"Synthetic Case: Custody dispute over a 7-year-old child following marital separation. Father highlighted higher financial earnings, while mother demonstrated primary caregiving history and stable emotional environment. High Court ruled that paramount welfare of the minor child overrides financial superiority alone. Ruling: Rejected.",Rejected,True
SYN_WOM_0126,women_violence_marriage,posh_workplace_harassment,Supreme Court,Synthetic Case: School teacher reported inappropriate physical gestures and verbal harassment by a senior administrator. Employer failed to constitute an Internal Complaints Committee as required under POSH legislation. Supreme Court issued directions for setting up a compliant committee and interim protective transfer. Ruling: Partial.,Partial,True
SYN_WOM_0127,women_violence_marriage,protection_orders,District Court,Synthetic Case: Urgent prayer for protection order prohibiting an estranged spouse from approaching the applicant's workplace or residence during ongoing matrimonial litigation. District Court granted restraining orders enforcing non-contact and physical protection. Ruling: Accepted.,Accepted,True
SYN_WOM_0128,women_violence_marriage,marital_property_rights,High Court,"Synthetic Case: Petition seeking recovery of Stridhan properties, including gold ornaments and financial gifts, retained by in-laws after separation. High Court re-affirmed that Stridhan is the exclusive property of the woman and directed full restitution. Ruling: Rejected.",Rejected,True
SYN_WOM_0129,women_violence_marriage,restitution_conjugal_rights,Supreme Court,Synthetic Case: Petition filed for restitution of conjugal rights following marital separation. Respondent proved reasonable excuse based on continuous verbal cruelty and financial neglect. Supreme Court dismissed restitution prayer. Ruling: Partial.,Partial,True
SYN_WOM_0130,women_violence_marriage,interim_maintenance_enhancement,District Court,Synthetic Case: Application seeking enhancement of interim maintenance due to rising educational costs of minor children and medical expenses. District Court verified respondent's revised income tax returns and enhanced monthly maintenance grant. Ruling: Accepted.,Accepted,True
SYN_WOM_0131,women_violence_marriage,maternal_right_to_residence,High Court,"Synthetic Case: Aggrieved woman evicted from shared matrimonial home by in-laws during husband's overseas absence. High Court enforced statutory right of residence under domestic violence laws, ordering immediate re-entry and police protection. Ruling: Rejected.",Rejected,True
SYN_WOM_0132,women_violence_marriage,desertion_cruelty_divorce,Supreme Court,Synthetic Case: Petition for dissolution of marriage on ground of continuous desertion for over 2 years without reasonable cause. Supreme Court evaluated witness testimonies establishing intentional abandonment and granted decree. Ruling: Partial.,Partial,True
SYN_WOM_0133,women_violence_marriage,domestic_violence_498a,District Court,"Synthetic Case: Application filed under the Protection of Women from Domestic Violence Act seeking protection orders, monetary relief, and right to shared household following emotional cruelty and physical exclusion. Respondents argued independent living status. District Court issued protection and residence orders based on proof of marital residence. Ruling: Accepted.",Accepted,True
SYN_WOM_0134,women_violence_marriage,dowry_harassment,High Court,"Synthetic Case: Complaint alleging persistent demands for motor vehicles and cash post-marriage accompanied by social isolation and harassment. High Court reviewed corroborative statements from local residents, medical records, and communication records to evaluate cruelty and dowry demands. Ruling: Rejected.",Rejected,True
SYN_WOM_0135,women_violence_marriage,maintenance_125_crpc,Supreme Court,Synthetic Case: Deserted spouse and minor child sought monthly maintenance under statutory provisions (CrPC Section 125 / BNSS Section 144). Respondent claimed lack of regular income despite holding 1.2 acres of agricultural land. Supreme Court assessed imputed earning capacity based on asset ownership and awarded monthly maintenance. Ruling: Partial.,Partial,True
SYN_WOM_0136,women_violence_marriage,child_custody,District Court,"Synthetic Case: Custody dispute over a 7-year-old child following marital separation. Father highlighted higher financial earnings, while mother demonstrated primary caregiving history and stable emotional environment. District Court ruled that paramount welfare of the minor child overrides financial superiority alone. Ruling: Accepted.",Accepted,True
SYN_WOM_0137,women_violence_marriage,posh_workplace_harassment,High Court,Synthetic Case: School teacher reported inappropriate physical gestures and verbal harassment by a senior administrator. Employer failed to constitute an Internal Complaints Committee as required under POSH legislation. High Court issued directions for setting up a compliant committee and interim protective transfer. Ruling: Rejected.,Rejected,True
SYN_WOM_0138,women_violence_marriage,protection_orders,Supreme Court,Synthetic Case: Urgent prayer for protection order prohibiting an estranged spouse from approaching the applicant's workplace or residence during ongoing matrimonial litigation. Supreme Court granted restraining orders enforcing non-contact and physical protection. Ruling: Partial.,Partial,True
SYN_WOM_0139,women_violence_marriage,marital_property_rights,District Court,"Synthetic Case: Petition seeking recovery of Stridhan properties, including gold ornaments and financial gifts, retained by in-laws after separation. District Court re-affirmed that Stridhan is the exclusive property of the woman and directed full restitution. Ruling: Accepted.",Accepted,True
SYN_WOM_0140,women_violence_marriage,restitution_conjugal_rights,High Court,Synthetic Case: Petition filed for restitution of conjugal rights following marital separation. Respondent proved reasonable excuse based on continuous verbal cruelty and financial neglect. High Court dismissed restitution prayer. Ruling: Rejected.,Rejected,True
SYN_WOM_0141,women_violence_marriage,interim_maintenance_enhancement,Supreme Court,Synthetic Case: Application seeking enhancement of interim maintenance due to rising educational costs of minor children and medical expenses. Supreme Court verified respondent's revised income tax returns and enhanced monthly maintenance grant. Ruling: Partial.,Partial,True
SYN_WOM_0142,women_violence_marriage,maternal_right_to_residence,District Court,"Synthetic Case: Aggrieved woman evicted from shared matrimonial home by in-laws during husband's overseas absence. District Court enforced statutory right of residence under domestic violence laws, ordering immediate re-entry and police protection. Ruling: Accepted.",Accepted,True
SYN_WOM_0143,women_violence_marriage,desertion_cruelty_divorce,High Court,Synthetic Case: Petition for dissolution of marriage on ground of continuous desertion for over 2 years without reasonable cause. High Court evaluated witness testimonies establishing intentional abandonment and granted decree. Ruling: Rejected.,Rejected,True
SYN_WOM_0144,women_violence_marriage,domestic_violence_498a,Supreme Court,"Synthetic Case: Application filed under the Protection of Women from Domestic Violence Act seeking protection orders, monetary relief, and right to shared household following emotional cruelty and physical exclusion. Respondents argued independent living status. Supreme Court issued protection and residence orders based on proof of marital residence. Ruling: Partial.",Partial,True
SYN_WOM_0145,women_violence_marriage,dowry_harassment,District Court,"Synthetic Case: Complaint alleging persistent demands for motor vehicles and cash post-marriage accompanied by social isolation and harassment. District Court reviewed corroborative statements from local residents, medical records, and communication records to evaluate cruelty and dowry demands. Ruling: Accepted.",Accepted,True
SYN_WOM_0146,women_violence_marriage,maintenance_125_crpc,High Court,Synthetic Case: Deserted spouse and minor child sought monthly maintenance under statutory provisions (CrPC Section 125 / BNSS Section 144). Respondent claimed lack of regular income despite holding 5 bighas of agricultural land. High Court assessed imputed earning capacity based on asset ownership and awarded monthly maintenance. Ruling: Rejected.,Rejected,True
SYN_WOM_0147,women_violence_marriage,child_custody,Supreme Court,"Synthetic Case: Custody dispute over a 7-year-old child following marital separation. Father highlighted higher financial earnings, while mother demonstrated primary caregiving history and stable emotional environment. Supreme Court ruled that paramount welfare of the minor child overrides financial superiority alone. Ruling: Partial.",Partial,True
SYN_WOM_0148,women_violence_marriage,posh_workplace_harassment,District Court,Synthetic Case: School teacher reported inappropriate physical gestures and verbal harassment by a senior administrator. Employer failed to constitute an Internal Complaints Committee as required under POSH legislation. District Court issued directions for setting up a compliant committee and interim protective transfer. Ruling: Accepted.,Accepted,True
SYN_WOM_0149,women_violence_marriage,protection_orders,High Court,Synthetic Case: Urgent prayer for protection order prohibiting an estranged spouse from approaching the applicant's workplace or residence during ongoing matrimonial litigation. High Court granted restraining orders enforcing non-contact and physical protection. Ruling: Rejected.,Rejected,True
SYN_WOM_0150,women_violence_marriage,marital_property_rights,Supreme Court,"Synthetic Case: Petition seeking recovery of Stridhan properties, including gold ornaments and financial gifts, retained by in-laws after separation. Supreme Court re-affirmed that Stridhan is the exclusive property of the woman and directed full restitution. Ruling: Partial.",Partial,True
SYN_WOM_0151,women_violence_marriage,restitution_conjugal_rights,District Court,Synthetic Case: Petition filed for restitution of conjugal rights following marital separation. Respondent proved reasonable excuse based on continuous verbal cruelty and financial neglect. District Court dismissed restitution prayer. Ruling: Accepted.,Accepted,True
SYN_WOM_0152,women_violence_marriage,interim_maintenance_enhancement,High Court,Synthetic Case: Application seeking enhancement of interim maintenance due to rising educational costs of minor children and medical expenses. High Court verified respondent's revised income tax returns and enhanced monthly maintenance grant. Ruling: Rejected.,Rejected,True
SYN_WOM_0153,women_violence_marriage,maternal_right_to_residence,Supreme Court,"Synthetic Case: Aggrieved woman evicted from shared matrimonial home by in-laws during husband's overseas absence. Supreme Court enforced statutory right of residence under domestic violence laws, ordering immediate re-entry and police protection. Ruling: Partial.",Partial,True
SYN_WOM_0154,women_violence_marriage,desertion_cruelty_divorce,District Court,Synthetic Case: Petition for dissolution of marriage on ground of continuous desertion for over 2 years without reasonable cause. District Court evaluated witness testimonies establishing intentional abandonment and granted decree. Ruling: Accepted.,Accepted,True
SYN_WOM_0155,women_violence_marriage,domestic_violence_498a,High Court,"Synthetic Case: Application filed under the Protection of Women from Domestic Violence Act seeking protection orders, monetary relief, and right to shared household following emotional cruelty and physical exclusion. Respondents argued independent living status. High Court issued protection and residence orders based on proof of marital residence. Ruling: Rejected.",Rejected,True
SYN_WOM_0156,women_violence_marriage,dowry_harassment,Supreme Court,"Synthetic Case: Complaint alleging persistent demands for motor vehicles and cash post-marriage accompanied by social isolation and harassment. Supreme Court reviewed corroborative statements from local residents, medical records, and communication records to evaluate cruelty and dowry demands. Ruling: Partial.",Partial,True
SYN_WOM_0157,women_violence_marriage,maintenance_125_crpc,District Court,Synthetic Case: Deserted spouse and minor child sought monthly maintenance under statutory provisions (CrPC Section 125 / BNSS Section 144). Respondent claimed lack of regular income despite holding 5 bighas of agricultural land. District Court assessed imputed earning capacity based on asset ownership and awarded monthly maintenance. Ruling: Accepted.,Accepted,True
SYN_WOM_0158,women_violence_marriage,child_custody,High Court,"Synthetic Case: Custody dispute over a 7-year-old child following marital separation. Father highlighted higher financial earnings, while mother demonstrated primary caregiving history and stable emotional environment. High Court ruled that paramount welfare of the minor child overrides financial superiority alone. Ruling: Rejected.",Rejected,True
SYN_WOM_0159,women_violence_marriage,posh_workplace_harassment,Supreme Court,Synthetic Case: School teacher reported inappropriate physical gestures and verbal harassment by a senior administrator. Employer failed to constitute an Internal Complaints Committee as required under POSH legislation. Supreme Court issued directions for setting up a compliant committee and interim protective transfer. Ruling: Partial.,Partial,True
SYN_WOM_0160,women_violence_marriage,protection_orders,District Court,Synthetic Case: Urgent prayer for protection order prohibiting an estranged spouse from approaching the applicant's workplace or residence during ongoing matrimonial litigation. District Court granted restraining orders enforcing non-contact and physical protection. Ruling: Accepted.,Accepted,True
SYN_WOM_0161,women_violence_marriage,marital_property_rights,High Court,"Synthetic Case: Petition seeking recovery of Stridhan properties, including gold ornaments and financial gifts, retained by in-laws after separation. High Court re-affirmed that Stridhan is the exclusive property of the woman and directed full restitution. Ruling: Rejected.",Rejected,True
SYN_WOM_0162,women_violence_marriage,restitution_conjugal_rights,Supreme Court,Synthetic Case: Petition filed for restitution of conjugal rights following marital separation. Respondent proved reasonable excuse based on continuous verbal cruelty and financial neglect. Supreme Court dismissed restitution prayer. Ruling: Partial.,Partial,True
SYN_WOM_0163,women_violence_marriage,interim_maintenance_enhancement,District Court,Synthetic Case: Application seeking enhancement of interim maintenance due to rising educational costs of minor children and medical expenses. District Court verified respondent's revised income tax returns and enhanced monthly maintenance grant. Ruling: Accepted.,Accepted,True
SYN_WOM_0164,women_violence_marriage,maternal_right_to_residence,High Court,"Synthetic Case: Aggrieved woman evicted from shared matrimonial home by in-laws during husband's overseas absence. High Court enforced statutory right of residence under domestic violence laws, ordering immediate re-entry and police protection. Ruling: Rejected.",Rejected,True
SYN_WOM_0165,women_violence_marriage,desertion_cruelty_divorce,Supreme Court,Synthetic Case: Petition for dissolution of marriage on ground of continuous desertion for over 2 years without reasonable cause. Supreme Court evaluated witness testimonies establishing intentional abandonment and granted decree. Ruling: Partial.,Partial,True
SYN_WOM_0166,women_violence_marriage,domestic_violence_498a,District Court,"Synthetic Case: Application filed under the Protection of Women from Domestic Violence Act seeking protection orders, monetary relief, and right to shared household following emotional cruelty and physical exclusion. Respondents argued independent living status. District Court issued protection and residence orders based on proof of marital residence. Ruling: Accepted.",Accepted,True
SYN_WOM_0167,women_violence_marriage,dowry_harassment,High Court,"Synthetic Case: Complaint alleging persistent demands for motor vehicles and cash post-marriage accompanied by social isolation and harassment. High Court reviewed corroborative statements from local residents, medical records, and communication records to evaluate cruelty and dowry demands. Ruling: Rejected.",Rejected,True
SYN_WOM_0168,women_violence_marriage,maintenance_125_crpc,Supreme Court,Synthetic Case: Deserted spouse and minor child sought monthly maintenance under statutory provisions (CrPC Section 125 / BNSS Section 144). Respondent claimed lack of regular income despite holding 2.0 bighas of agricultural land. Supreme Court assessed imputed earning capacity based on asset ownership and awarded monthly maintenance. Ruling: Partial.,Partial,True
SYN_WOM_0169,women_violence_marriage,child_custody,District Court,"Synthetic Case: Custody dispute over a 7-year-old child following marital separation. Father highlighted higher financial earnings, while mother demonstrated primary caregiving history and stable emotional environment. District Court ruled that paramount welfare of the minor child overrides financial superiority alone. Ruling: Accepted.",Accepted,True
SYN_WOM_0170,women_violence_marriage,posh_workplace_harassment,High Court,Synthetic Case: School teacher reported inappropriate physical gestures and verbal harassment by a senior administrator. Employer failed to constitute an Internal Complaints Committee as required under POSH legislation. High Court issued directions for setting up a compliant committee and interim protective transfer. Ruling: Rejected.,Rejected,True
SYN_WOM_0171,women_violence_marriage,protection_orders,Supreme Court,Synthetic Case: Urgent prayer for protection order prohibiting an estranged spouse from approaching the applicant's workplace or residence during ongoing matrimonial litigation. Supreme Court granted restraining orders enforcing non-contact and physical protection. Ruling: Partial.,Partial,True
SYN_WOM_0172,women_violence_marriage,marital_property_rights,District Court,"Synthetic Case: Petition seeking recovery of Stridhan properties, including gold ornaments and financial gifts, retained by in-laws after separation. District Court re-affirmed that Stridhan is the exclusive property of the woman and directed full restitution. Ruling: Accepted.",Accepted,True
SYN_WOM_0173,women_violence_marriage,restitution_conjugal_rights,High Court,Synthetic Case: Petition filed for restitution of conjugal rights following marital separation. Respondent proved reasonable excuse based on continuous verbal cruelty and financial neglect. High Court dismissed restitution prayer. Ruling: Rejected.,Rejected,True
SYN_WOM_0174,women_violence_marriage,interim_maintenance_enhancement,Supreme Court,Synthetic Case: Application seeking enhancement of interim maintenance due to rising educational costs of minor children and medical expenses. Supreme Court verified respondent's revised income tax returns and enhanced monthly maintenance grant. Ruling: Partial.,Partial,True
SYN_WOM_0175,women_violence_marriage,maternal_right_to_residence,District Court,"Synthetic Case: Aggrieved woman evicted from shared matrimonial home by in-laws during husband's overseas absence. District Court enforced statutory right of residence under domestic violence laws, ordering immediate re-entry and police protection. Ruling: Accepted.",Accepted,True
SYN_WOM_0176,women_violence_marriage,desertion_cruelty_divorce,High Court,Synthetic Case: Petition for dissolution of marriage on ground of continuous desertion for over 2 years without reasonable cause. High Court evaluated witness testimonies establishing intentional abandonment and granted decree. Ruling: Rejected.,Rejected,True
SYN_WOM_0177,women_violence_marriage,domestic_violence_498a,Supreme Court,"Synthetic Case: Application filed under the Protection of Women from Domestic Violence Act seeking protection orders, monetary relief, and right to shared household following emotional cruelty and physical exclusion. Respondents argued independent living status. Supreme Court issued protection and residence orders based on proof of marital residence. Ruling: Partial.",Partial,True
SYN_WOM_0178,women_violence_marriage,dowry_harassment,District Court,"Synthetic Case: Complaint alleging persistent demands for motor vehicles and cash post-marriage accompanied by social isolation and harassment. District Court reviewed corroborative statements from local residents, medical records, and communication records to evaluate cruelty and dowry demands. Ruling: Accepted.",Accepted,True
SYN_WOM_0179,women_violence_marriage,maintenance_125_crpc,High Court,Synthetic Case: Deserted spouse and minor child sought monthly maintenance under statutory provisions (CrPC Section 125 / BNSS Section 144). Respondent claimed lack of regular income despite holding 2.0 bighas of agricultural land. High Court assessed imputed earning capacity based on asset ownership and awarded monthly maintenance. Ruling: Rejected.,Rejected,True
SYN_WOM_0180,women_violence_marriage,child_custody,Supreme Court,"Synthetic Case: Custody dispute over a 7-year-old child following marital separation. Father highlighted higher financial earnings, while mother demonstrated primary caregiving history and stable emotional environment. Supreme Court ruled that paramount welfare of the minor child overrides financial superiority alone. Ruling: Partial.",Partial,True
SYN_WOM_0181,women_violence_marriage,posh_workplace_harassment,District Court,Synthetic Case: School teacher reported inappropriate physical gestures and verbal harassment by a senior administrator. Employer failed to constitute an Internal Complaints Committee as required under POSH legislation. District Court issued directions for setting up a compliant committee and interim protective transfer. Ruling: Accepted.,Accepted,True
SYN_WOM_0182,women_violence_marriage,protection_orders,High Court,Synthetic Case: Urgent prayer for protection order prohibiting an estranged spouse from approaching the applicant's workplace or residence during ongoing matrimonial litigation. High Court granted restraining orders enforcing non-contact and physical protection. Ruling: Rejected.,Rejected,True
SYN_WOM_0183,women_violence_marriage,marital_property_rights,Supreme Court,"Synthetic Case: Petition seeking recovery of Stridhan properties, including gold ornaments and financial gifts, retained by in-laws after separation. Supreme Court re-affirmed that Stridhan is the exclusive property of the woman and directed full restitution. Ruling: Partial.",Partial,True
SYN_WOM_0184,women_violence_marriage,restitution_conjugal_rights,District Court,Synthetic Case: Petition filed for restitution of conjugal rights following marital separation. Respondent proved reasonable excuse based on continuous verbal cruelty and financial neglect. District Court dismissed restitution prayer. Ruling: Accepted.,Accepted,True
SYN_WOM_0185,women_violence_marriage,interim_maintenance_enhancement,High Court,Synthetic Case: Application seeking enhancement of interim maintenance due to rising educational costs of minor children and medical expenses. High Court verified respondent's revised income tax returns and enhanced monthly maintenance grant. Ruling: Rejected.,Rejected,True
SYN_WOM_0186,women_violence_marriage,maternal_right_to_residence,Supreme Court,"Synthetic Case: Aggrieved woman evicted from shared matrimonial home by in-laws during husband's overseas absence. Supreme Court enforced statutory right of residence under domestic violence laws, ordering immediate re-entry and police protection. Ruling: Partial.",Partial,True
SYN_WOM_0187,women_violence_marriage,desertion_cruelty_divorce,District Court,Synthetic Case: Petition for dissolution of marriage on ground of continuous desertion for over 2 years without reasonable cause. District Court evaluated witness testimonies establishing intentional abandonment and granted decree. Ruling: Accepted.,Accepted,True
SYN_WOM_0188,women_violence_marriage,domestic_violence_498a,High Court,"Synthetic Case: Application filed under the Protection of Women from Domestic Violence Act seeking protection orders, monetary relief, and right to shared household following emotional cruelty and physical exclusion. Respondents argued independent living status. High Court issued protection and residence orders based on proof of marital residence. Ruling: Rejected.",Rejected,True
SYN_WOM_0189,women_violence_marriage,dowry_harassment,Supreme Court,"Synthetic Case: Complaint alleging persistent demands for motor vehicles and cash post-marriage accompanied by social isolation and harassment. Supreme Court reviewed corroborative statements from local residents, medical records, and communication records to evaluate cruelty and dowry demands. Ruling: Partial.",Partial,True
SYN_WOM_0190,women_violence_marriage,maintenance_125_crpc,District Court,Synthetic Case: Deserted spouse and minor child sought monthly maintenance under statutory provisions (CrPC Section 125 / BNSS Section 144). Respondent claimed lack of regular income despite holding 4.0 acres of agricultural land. District Court assessed imputed earning capacity based on asset ownership and awarded monthly maintenance. Ruling: Accepted.,Accepted,True
SYN_WOM_0191,women_violence_marriage,child_custody,High Court,"Synthetic Case: Custody dispute over a 7-year-old child following marital separation. Father highlighted higher financial earnings, while mother demonstrated primary caregiving history and stable emotional environment. High Court ruled that paramount welfare of the minor child overrides financial superiority alone. Ruling: Rejected.",Rejected,True
SYN_WOM_0192,women_violence_marriage,posh_workplace_harassment,Supreme Court,Synthetic Case: School teacher reported inappropriate physical gestures and verbal harassment by a senior administrator. Employer failed to constitute an Internal Complaints Committee as required under POSH legislation. Supreme Court issued directions for setting up a compliant committee and interim protective transfer. Ruling: Partial.,Partial,True
SYN_WOM_0193,women_violence_marriage,protection_orders,District Court,Synthetic Case: Urgent prayer for protection order prohibiting an estranged spouse from approaching the applicant's workplace or residence during ongoing matrimonial litigation. District Court granted restraining orders enforcing non-contact and physical protection. Ruling: Accepted.,Accepted,True
SYN_WOM_0194,women_violence_marriage,marital_property_rights,High Court,"Synthetic Case: Petition seeking recovery of Stridhan properties, including gold ornaments and financial gifts, retained by in-laws after separation. High Court re-affirmed that Stridhan is the exclusive property of the woman and directed full restitution. Ruling: Rejected.",Rejected,True
SYN_WOM_0195,women_violence_marriage,restitution_conjugal_rights,Supreme Court,Synthetic Case: Petition filed for restitution of conjugal rights following marital separation. Respondent proved reasonable excuse based on continuous verbal cruelty and financial neglect. Supreme Court dismissed restitution prayer. Ruling: Partial.,Partial,True
SYN_WOM_0196,women_violence_marriage,interim_maintenance_enhancement,District Court,Synthetic Case: Application seeking enhancement of interim maintenance due to rising educational costs of minor children and medical expenses. District Court verified respondent's revised income tax returns and enhanced monthly maintenance grant. Ruling: Accepted.,Accepted,True
SYN_WOM_0197,women_violence_marriage,maternal_right_to_residence,High Court,"Synthetic Case: Aggrieved woman evicted from shared matrimonial home by in-laws during husband's overseas absence. High Court enforced statutory right of residence under domestic violence laws, ordering immediate re-entry and police protection. Ruling: Rejected.",Rejected,True
SYN_WOM_0198,women_violence_marriage,desertion_cruelty_divorce,Supreme Court,Synthetic Case: Petition for dissolution of marriage on ground of continuous desertion for over 2 years without reasonable cause. Supreme Court evaluated witness testimonies establishing intentional abandonment and granted decree. Ruling: Partial.,Partial,True
SYN_WOM_0199,women_violence_marriage,domestic_violence_498a,District Court,"Synthetic Case: Application filed under the Protection of Women from Domestic Violence Act seeking protection orders, monetary relief, and right to shared household following emotional cruelty and physical exclusion. Respondents argued independent living status. District Court issued protection and residence orders based on proof of marital residence. Ruling: Accepted.",Accepted,True
SYN_WOM_0200,women_violence_marriage,dowry_harassment,High Court,"Synthetic Case: Complaint alleging persistent demands for motor vehicles and cash post-marriage accompanied by social isolation and harassment. High Court reviewed corroborative statements from local residents, medical records, and communication records to evaluate cruelty and dowry demands. Ruling: Rejected.",Rejected,True
SYN_WOM_0201,women_violence_marriage,maintenance_125_crpc,Supreme Court,Synthetic Case: Deserted spouse and minor child sought monthly maintenance under statutory provisions (CrPC Section 125 / BNSS Section 144). Respondent claimed lack of regular income despite holding 2.5 acres of agricultural land. Supreme Court assessed imputed earning capacity based on asset ownership and awarded monthly maintenance. Ruling: Partial.,Partial,True
SYN_WOM_0202,women_violence_marriage,child_custody,District Court,"Synthetic Case: Custody dispute over a 7-year-old child following marital separation. Father highlighted higher financial earnings, while mother demonstrated primary caregiving history and stable emotional environment. District Court ruled that paramount welfare of the minor child overrides financial superiority alone. Ruling: Accepted.",Accepted,True
SYN_WOM_0203,women_violence_marriage,posh_workplace_harassment,High Court,Synthetic Case: School teacher reported inappropriate physical gestures and verbal harassment by a senior administrator. Employer failed to constitute an Internal Complaints Committee as required under POSH legislation. High Court issued directions for setting up a compliant committee and interim protective transfer. Ruling: Rejected.,Rejected,True
SYN_WOM_0204,women_violence_marriage,protection_orders,Supreme Court,Synthetic Case: Urgent prayer for protection order prohibiting an estranged spouse from approaching the applicant's workplace or residence during ongoing matrimonial litigation. Supreme Court granted restraining orders enforcing non-contact and physical protection. Ruling: Partial.,Partial,True
SYN_WOM_0205,women_violence_marriage,marital_property_rights,District Court,"Synthetic Case: Petition seeking recovery of Stridhan properties, including gold ornaments and financial gifts, retained by in-laws after separation. District Court re-affirmed that Stridhan is the exclusive property of the woman and directed full restitution. Ruling: Accepted.",Accepted,True
SYN_WOM_0206,women_violence_marriage,restitution_conjugal_rights,High Court,Synthetic Case: Petition filed for restitution of conjugal rights following marital separation. Respondent proved reasonable excuse based on continuous verbal cruelty and financial neglect. High Court dismissed restitution prayer. Ruling: Rejected.,Rejected,True
SYN_WOM_0207,women_violence_marriage,interim_maintenance_enhancement,Supreme Court,Synthetic Case: Application seeking enhancement of interim maintenance due to rising educational costs of minor children and medical expenses. Supreme Court verified respondent's revised income tax returns and enhanced monthly maintenance grant. Ruling: Partial.,Partial,True
SYN_WOM_0208,women_violence_marriage,maternal_right_to_residence,District Court,"Synthetic Case: Aggrieved woman evicted from shared matrimonial home by in-laws during husband's overseas absence. District Court enforced statutory right of residence under domestic violence laws, ordering immediate re-entry and police protection. Ruling: Accepted.",Accepted,True
SYN_WOM_0209,women_violence_marriage,desertion_cruelty_divorce,High Court,Synthetic Case: Petition for dissolution of marriage on ground of continuous desertion for over 2 years without reasonable cause. High Court evaluated witness testimonies establishing intentional abandonment and granted decree. Ruling: Rejected.,Rejected,True
SYN_WOM_0210,women_violence_marriage,domestic_violence_498a,Supreme Court,"Synthetic Case: Application filed under the Protection of Women from Domestic Violence Act seeking protection orders, monetary relief, and right to shared household following emotional cruelty and physical exclusion. Respondents argued independent living status. Supreme Court issued protection and residence orders based on proof of marital residence. Ruling: Partial.",Partial,True
SYN_WOM_0211,women_violence_marriage,dowry_harassment,District Court,"Synthetic Case: Complaint alleging persistent demands for motor vehicles and cash post-marriage accompanied by social isolation and harassment. District Court reviewed corroborative statements from local residents, medical records, and communication records to evaluate cruelty and dowry demands. Ruling: Accepted.",Accepted,True
SYN_WOM_0212,women_violence_marriage,maintenance_125_crpc,High Court,Synthetic Case: Deserted spouse and minor child sought monthly maintenance under statutory provisions (CrPC Section 125 / BNSS Section 144). Respondent claimed lack of regular income despite holding 2.0 bighas of agricultural land. High Court assessed imputed earning capacity based on asset ownership and awarded monthly maintenance. Ruling: Rejected.,Rejected,True
SYN_WOM_0213,women_violence_marriage,child_custody,Supreme Court,"Synthetic Case: Custody dispute over a 7-year-old child following marital separation. Father highlighted higher financial earnings, while mother demonstrated primary caregiving history and stable emotional environment. Supreme Court ruled that paramount welfare of the minor child overrides financial superiority alone. Ruling: Partial.",Partial,True
SYN_WOM_0214,women_violence_marriage,posh_workplace_harassment,District Court,Synthetic Case: School teacher reported inappropriate physical gestures and verbal harassment by a senior administrator. Employer failed to constitute an Internal Complaints Committee as required under POSH legislation. District Court issued directions for setting up a compliant committee and interim protective transfer. Ruling: Accepted.,Accepted,True
SYN_WOM_0215,women_violence_marriage,protection_orders,High Court,Synthetic Case: Urgent prayer for protection order prohibiting an estranged spouse from approaching the applicant's workplace or residence during ongoing matrimonial litigation. High Court granted restraining orders enforcing non-contact and physical protection. Ruling: Rejected.,Rejected,True
SYN_WOM_0216,women_violence_marriage,marital_property_rights,Supreme Court,"Synthetic Case: Petition seeking recovery of Stridhan properties, including gold ornaments and financial gifts, retained by in-laws after separation. Supreme Court re-affirmed that Stridhan is the exclusive property of the woman and directed full restitution. Ruling: Partial.",Partial,True
SYN_WOM_0217,women_violence_marriage,restitution_conjugal_rights,District Court,Synthetic Case: Petition filed for restitution of conjugal rights following marital separation. Respondent proved reasonable excuse based on continuous verbal cruelty and financial neglect. District Court dismissed restitution prayer. Ruling: Accepted.,Accepted,True
SYN_WOM_0218,women_violence_marriage,interim_maintenance_enhancement,High Court,Synthetic Case: Application seeking enhancement of interim maintenance due to rising educational costs of minor children and medical expenses. High Court verified respondent's revised income tax returns and enhanced monthly maintenance grant. Ruling: Rejected.,Rejected,True
SYN_WOM_0219,women_violence_marriage,maternal_right_to_residence,Supreme Court,"Synthetic Case: Aggrieved woman evicted from shared matrimonial home by in-laws during husband's overseas absence. Supreme Court enforced statutory right of residence under domestic violence laws, ordering immediate re-entry and police protection. Ruling: Partial.",Partial,True
SYN_WOM_0220,women_violence_marriage,desertion_cruelty_divorce,District Court,Synthetic Case: Petition for dissolution of marriage on ground of continuous desertion for over 2 years without reasonable cause. District Court evaluated witness testimonies establishing intentional abandonment and granted decree. Ruling: Accepted.,Accepted,True
SYN_WOM_0221,women_violence_marriage,domestic_violence_498a,High Court,"Synthetic Case: Application filed under the Protection of Women from Domestic Violence Act seeking protection orders, monetary relief, and right to shared household following emotional cruelty and physical exclusion. Respondents argued independent living status. High Court issued protection and residence orders based on proof of marital residence. Ruling: Rejected.",Rejected,True
SYN_WOM_0222,women_violence_marriage,dowry_harassment,Supreme Court,"Synthetic Case: Complaint alleging persistent demands for motor vehicles and cash post-marriage accompanied by social isolation and harassment. Supreme Court reviewed corroborative statements from local residents, medical records, and communication records to evaluate cruelty and dowry demands. Ruling: Partial.",Partial,True
SYN_WOM_0223,women_violence_marriage,maintenance_125_crpc,District Court,Synthetic Case: Deserted spouse and minor child sought monthly maintenance under statutory provisions (CrPC Section 125 / BNSS Section 144). Respondent claimed lack of regular income despite holding 2.0 bighas of agricultural land. District Court assessed imputed earning capacity based on asset ownership and awarded monthly maintenance. Ruling: Accepted.,Accepted,True
SYN_WOM_0224,women_violence_marriage,child_custody,High Court,"Synthetic Case: Custody dispute over a 7-year-old child following marital separation. Father highlighted higher financial earnings, while mother demonstrated primary caregiving history and stable emotional environment. High Court ruled that paramount welfare of the minor child overrides financial superiority alone. Ruling: Rejected.",Rejected,True
SYN_WOM_0225,women_violence_marriage,posh_workplace_harassment,Supreme Court,Synthetic Case: School teacher reported inappropriate physical gestures and verbal harassment by a senior administrator. Employer failed to constitute an Internal Complaints Committee as required under POSH legislation. Supreme Court issued directions for setting up a compliant committee and interim protective transfer. Ruling: Partial.,Partial,True
SYN_WOM_0226,women_violence_marriage,protection_orders,District Court,Synthetic Case: Urgent prayer for protection order prohibiting an estranged spouse from approaching the applicant's workplace or residence during ongoing matrimonial litigation. District Court granted restraining orders enforcing non-contact and physical protection. Ruling: Accepted.,Accepted,True
SYN_WOM_0227,women_violence_marriage,marital_property_rights,High Court,"Synthetic Case: Petition seeking recovery of Stridhan properties, including gold ornaments and financial gifts, retained by in-laws after separation. High Court re-affirmed that Stridhan is the exclusive property of the woman and directed full restitution. Ruling: Rejected.",Rejected,True
SYN_WOM_0228,women_violence_marriage,restitution_conjugal_rights,Supreme Court,Synthetic Case: Petition filed for restitution of conjugal rights following marital separation. Respondent proved reasonable excuse based on continuous verbal cruelty and financial neglect. Supreme Court dismissed restitution prayer. Ruling: Partial.,Partial,True
SYN_WOM_0229,women_violence_marriage,interim_maintenance_enhancement,District Court,Synthetic Case: Application seeking enhancement of interim maintenance due to rising educational costs of minor children and medical expenses. District Court verified respondent's revised income tax returns and enhanced monthly maintenance grant. Ruling: Accepted.,Accepted,True
SYN_WOM_0230,women_violence_marriage,maternal_right_to_residence,High Court,"Synthetic Case: Aggrieved woman evicted from shared matrimonial home by in-laws during husband's overseas absence. High Court enforced statutory right of residence under domestic violence laws, ordering immediate re-entry and police protection. Ruling: Rejected.",Rejected,True
SYN_WOM_0231,women_violence_marriage,desertion_cruelty_divorce,Supreme Court,Synthetic Case: Petition for dissolution of marriage on ground of continuous desertion for over 2 years without reasonable cause. Supreme Court evaluated witness testimonies establishing intentional abandonment and granted decree. Ruling: Partial.,Partial,True
SYN_WOM_0232,women_violence_marriage,domestic_violence_498a,District Court,"Synthetic Case: Application filed under the Protection of Women from Domestic Violence Act seeking protection orders, monetary relief, and right to shared household following emotional cruelty and physical exclusion. Respondents argued independent living status. District Court issued protection and residence orders based on proof of marital residence. Ruling: Accepted.",Accepted,True
SYN_WOM_0233,women_violence_marriage,dowry_harassment,High Court,"Synthetic Case: Complaint alleging persistent demands for motor vehicles and cash post-marriage accompanied by social isolation and harassment. High Court reviewed corroborative statements from local residents, medical records, and communication records to evaluate cruelty and dowry demands. Ruling: Rejected.",Rejected,True
SYN_WOM_0234,women_violence_marriage,maintenance_125_crpc,Supreme Court,Synthetic Case: Deserted spouse and minor child sought monthly maintenance under statutory provisions (CrPC Section 125 / BNSS Section 144). Respondent claimed lack of regular income despite holding 1.2 acres of agricultural land. Supreme Court assessed imputed earning capacity based on asset ownership and awarded monthly maintenance. Ruling: Partial.,Partial,True
SYN_WOM_0235,women_violence_marriage,child_custody,District Court,"Synthetic Case: Custody dispute over a 7-year-old child following marital separation. Father highlighted higher financial earnings, while mother demonstrated primary caregiving history and stable emotional environment. District Court ruled that paramount welfare of the minor child overrides financial superiority alone. Ruling: Accepted.",Accepted,True
SYN_WOM_0236,women_violence_marriage,posh_workplace_harassment,High Court,Synthetic Case: School teacher reported inappropriate physical gestures and verbal harassment by a senior administrator. Employer failed to constitute an Internal Complaints Committee as required under POSH legislation. High Court issued directions for setting up a compliant committee and interim protective transfer. Ruling: Rejected.,Rejected,True
SYN_WOM_0237,women_violence_marriage,protection_orders,Supreme Court,Synthetic Case: Urgent prayer for protection order prohibiting an estranged spouse from approaching the applicant's workplace or residence during ongoing matrimonial litigation. Supreme Court granted restraining orders enforcing non-contact and physical protection. Ruling: Partial.,Partial,True
SYN_WOM_0238,women_violence_marriage,marital_property_rights,District Court,"Synthetic Case: Petition seeking recovery of Stridhan properties, including gold ornaments and financial gifts, retained by in-laws after separation. District Court re-affirmed that Stridhan is the exclusive property of the woman and directed full restitution. Ruling: Accepted.",Accepted,True
SYN_WOM_0239,women_violence_marriage,restitution_conjugal_rights,High Court,Synthetic Case: Petition filed for restitution of conjugal rights following marital separation. Respondent proved reasonable excuse based on continuous verbal cruelty and financial neglect. High Court dismissed restitution prayer. Ruling: Rejected.,Rejected,True
SYN_WOM_0240,women_violence_marriage,interim_maintenance_enhancement,Supreme Court,Synthetic Case: Application seeking enhancement of interim maintenance due to rising educational costs of minor children and medical expenses. Supreme Court verified respondent's revised income tax returns and enhanced monthly maintenance grant. Ruling: Partial.,Partial,True
SYN_WOM_0241,women_violence_marriage,maternal_right_to_residence,District Court,"Synthetic Case: Aggrieved woman evicted from shared matrimonial home by in-laws during husband's overseas absence. District Court enforced statutory right of residence under domestic violence laws, ordering immediate re-entry and police protection. Ruling: Accepted.",Accepted,True
SYN_WOM_0242,women_violence_marriage,desertion_cruelty_divorce,High Court,Synthetic Case: Petition for dissolution of marriage on ground of continuous desertion for over 2 years without reasonable cause. High Court evaluated witness testimonies establishing intentional abandonment and granted decree. Ruling: Rejected.,Rejected,True
SYN_WOM_0243,women_violence_marriage,domestic_violence_498a,Supreme Court,"Synthetic Case: Application filed under the Protection of Women from Domestic Violence Act seeking protection orders, monetary relief, and right to shared household following emotional cruelty and physical exclusion. Respondents argued independent living status. Supreme Court issued protection and residence orders based on proof of marital residence. Ruling: Partial.",Partial,True
SYN_WOM_0244,women_violence_marriage,dowry_harassment,District Court,"Synthetic Case: Complaint alleging persistent demands for motor vehicles and cash post-marriage accompanied by social isolation and harassment. District Court reviewed corroborative statements from local residents, medical records, and communication records to evaluate cruelty and dowry demands. Ruling: Accepted.",Accepted,True
SYN_WOM_0245,women_violence_marriage,maintenance_125_crpc,High Court,Synthetic Case: Deserted spouse and minor child sought monthly maintenance under statutory provisions (CrPC Section 125 / BNSS Section 144). Respondent claimed lack of regular income despite holding 2.5 acres of agricultural land. High Court assessed imputed earning capacity based on asset ownership and awarded monthly maintenance. Ruling: Rejected.,Rejected,True
SYN_WOM_0246,women_violence_marriage,child_custody,Supreme Court,"Synthetic Case: Custody dispute over a 7-year-old child following marital separation. Father highlighted higher financial earnings, while mother demonstrated primary caregiving history and stable emotional environment. Supreme Court ruled that paramount welfare of the minor child overrides financial superiority alone. Ruling: Partial.",Partial,True
SYN_WOM_0247,women_violence_marriage,posh_workplace_harassment,District Court,Synthetic Case: School teacher reported inappropriate physical gestures and verbal harassment by a senior administrator. Employer failed to constitute an Internal Complaints Committee as required under POSH legislation. District Court issued directions for setting up a compliant committee and interim protective transfer. Ruling: Accepted.,Accepted,True
SYN_WOM_0248,women_violence_marriage,protection_orders,High Court,Synthetic Case: Urgent prayer for protection order prohibiting an estranged spouse from approaching the applicant's workplace or residence during ongoing matrimonial litigation. High Court granted restraining orders enforcing non-contact and physical protection. Ruling: Rejected.,Rejected,True
SYN_WOM_0249,women_violence_marriage,marital_property_rights,Supreme Court,"Synthetic Case: Petition seeking recovery of Stridhan properties, including gold ornaments and financial gifts, retained by in-laws after separation. Supreme Court re-affirmed that Stridhan is the exclusive property of the woman and directed full restitution. Ruling: Partial.",Partial,True
SYN_WOM_0250,women_violence_marriage,restitution_conjugal_rights,District Court,Synthetic Case: Petition filed for restitution of conjugal rights following marital separation. Respondent proved reasonable excuse based on continuous verbal cruelty and financial neglect. District Court dismissed restitution prayer. Ruling: Accepted.,Accepted,True
SYN_LAN_0001,land_dispute,title_disputes,District Court,"Synthetic Case: Plaintiff claimed sole title over 1.2 acres of ancestral agricultural land based on an unregistered family partition deed, whereas defendant produced a registered sale deed from a co-sharer. District Court adjudicated title validity by applying registration requirements and revenue record entries. Ruling: Accepted.",Accepted,True
SYN_LAN_0002,land_dispute,land_acquisition_compensation,High Court,"Synthetic Case: Landowners challenged compensation awarded for highway land acquisition, contending that agricultural classification ignored nearby commercial development potential. High Court reassessed land valuation based on recent comparative sale exemplars and enhanced compensation. Ruling: Rejected.",Rejected,True
SYN_LAN_0003,land_dispute,tenancy_eviction,Supreme Court,Synthetic Case: Landlord sought eviction of agricultural tenant on grounds of non-payment of crop share. Tenant produced proof of severe drought declaration and statutory protection under rural tenancy legislation. Supreme Court dismissed eviction prayer while structuring rent deferment. Ruling: Partial.,Partial,True
SYN_LAN_0004,land_dispute,boundary_disputes,District Court,Synthetic Case: Adjoining landholders disputed a boundary buffer strip of 3.5 acres. Total station survey conducted by the revenue surveyor was submitted as evidence. District Court accepted official revenue boundary survey and directed physical demarcation with boundary pillars. Ruling: Accepted.,Accepted,True
SYN_LAN_0005,land_dispute,inheritance_partition,High Court,Synthetic Case: Daughter filed suit for partition claiming equal share in ancestral joint family land under amended Hindu Succession provisions. Brothers claimed prior oral partition. High Court held that oral partition without registered documentation does not defeat statutory equal coparcenary rights. Ruling: Rejected.,Rejected,True
SYN_LAN_0006,land_dispute,encroachments,Supreme Court,Synthetic Case: Village Panchayat instituted eviction proceedings against unauthorized construction on community grazing land (Gauchar). Encroacher claimed long-standing occupation. Supreme Court held community pasture land cannot be alienated or regularized and affirmed eviction orders. Ruling: Partial.,Partial,True
SYN_LAN_0007,land_dispute,adverse_possession,District Court,"Synthetic Case: Occupant claimed ownership over a residential plot through adverse possession, demonstrating continuous, peaceful, and open occupation for over 15 years without owner interruption. District Court evaluated hostile possession requirements and declared title. Ruling: Accepted.",Accepted,True
SYN_LAN_0008,land_dispute,government_land_allotment,High Court,Synthetic Case: Allotment of agricultural land patta to a landless worker was cancelled by local authorities without issuing a show-cause notice. High Court quashed the cancellation for violating natural justice principles and restored the patta allotment. Ruling: Rejected.,Rejected,True
SYN_LAN_0009,land_dispute,easementary_rights_way,Supreme Court,Synthetic Case: Farm owner sought injunction against neighbor blocking traditional passage road connecting inner field plot to main cart track. Supreme Court verified continuous prescription use for over 20 years and granted permanent easementary right of way. Ruling: Partial.,Partial,True
SYN_LAN_0010,land_dispute,mortgage_redemption_dispute,District Court,Synthetic Case: Mortgagor filed suit for redemption of usufructuary mortgage over 2.0 bighas of farmland upon full repayment of principal debt to moneylender. District Court directed possession restoration and mortgage deed discharge. Ruling: Accepted.,Accepted,True
SYN_LAN_0011,land_dispute,revenue_mutation_record_correction,High Court,Synthetic Case: Petitioner challenged fraudulent mutation entry recorded in favor of third party in village revenue records (Khasra/Khatauni). High Court set aside erroneous revenue entry and directed correction based on registered title documents. Ruling: Rejected.,Rejected,True
SYN_LAN_0012,land_dispute,common_pasture_gauchar_dispute,Supreme Court,Synthetic Case: Residents challenged illegal conversion of village common pasture land into commercial allotment by local administrative committee. Supreme Court re-affirmed public trust doctrine regarding common village assets and quashed commercial allotment. Ruling: Partial.,Partial,True
SYN_LAN_0013,land_dispute,land_ceiling_excess_surrender,District Court,Synthetic Case: Large landholder challenged state ceiling proceedings classifying surplus agricultural holdings for redistribution to landless families. District Court verified statutory ceiling limits and upheld surplus land declaration. Ruling: Accepted.,Accepted,True
SYN_LAN_0014,land_dispute,title_disputes,High Court,"Synthetic Case: Plaintiff claimed sole title over 5 bighas of ancestral agricultural land based on an unregistered family partition deed, whereas defendant produced a registered sale deed from a co-sharer. High Court adjudicated title validity by applying registration requirements and revenue record entries. Ruling: Rejected.",Rejected,True
SYN_LAN_0015,land_dispute,land_acquisition_compensation,Supreme Court,"Synthetic Case: Landowners challenged compensation awarded for highway land acquisition, contending that agricultural classification ignored nearby commercial development potential. Supreme Court reassessed land valuation based on recent comparative sale exemplars and enhanced compensation. Ruling: Partial.",Partial,True
SYN_LAN_0016,land_dispute,tenancy_eviction,District Court,Synthetic Case: Landlord sought eviction of agricultural tenant on grounds of non-payment of crop share. Tenant produced proof of severe drought declaration and statutory protection under rural tenancy legislation. District Court dismissed eviction prayer while structuring rent deferment. Ruling: Accepted.,Accepted,True
SYN_LAN_0017,land_dispute,boundary_disputes,High Court,Synthetic Case: Adjoining landholders disputed a boundary buffer strip of 3.5 acres. Total station survey conducted by the revenue surveyor was submitted as evidence. High Court accepted official revenue boundary survey and directed physical demarcation with boundary pillars. Ruling: Rejected.,Rejected,True
SYN_LAN_0018,land_dispute,inheritance_partition,Supreme Court,Synthetic Case: Daughter filed suit for partition claiming equal share in ancestral joint family land under amended Hindu Succession provisions. Brothers claimed prior oral partition. Supreme Court held that oral partition without registered documentation does not defeat statutory equal coparcenary rights. Ruling: Partial.,Partial,True
SYN_LAN_0019,land_dispute,encroachments,District Court,Synthetic Case: Village Panchayat instituted eviction proceedings against unauthorized construction on community grazing land (Gauchar). Encroacher claimed long-standing occupation. District Court held community pasture land cannot be alienated or regularized and affirmed eviction orders. Ruling: Accepted.,Accepted,True
SYN_LAN_0020,land_dispute,adverse_possession,High Court,"Synthetic Case: Occupant claimed ownership over a residential plot through adverse possession, demonstrating continuous, peaceful, and open occupation for over 15 years without owner interruption. High Court evaluated hostile possession requirements and declared title. Ruling: Rejected.",Rejected,True
SYN_LAN_0021,land_dispute,government_land_allotment,Supreme Court,Synthetic Case: Allotment of agricultural land patta to a landless worker was cancelled by local authorities without issuing a show-cause notice. Supreme Court quashed the cancellation for violating natural justice principles and restored the patta allotment. Ruling: Partial.,Partial,True
SYN_LAN_0022,land_dispute,easementary_rights_way,District Court,Synthetic Case: Farm owner sought injunction against neighbor blocking traditional passage road connecting inner field plot to main cart track. District Court verified continuous prescription use for over 20 years and granted permanent easementary right of way. Ruling: Accepted.,Accepted,True
SYN_LAN_0023,land_dispute,mortgage_redemption_dispute,High Court,Synthetic Case: Mortgagor filed suit for redemption of usufructuary mortgage over 4.0 acres of farmland upon full repayment of principal debt to moneylender. High Court directed possession restoration and mortgage deed discharge. Ruling: Rejected.,Rejected,True
SYN_LAN_0024,land_dispute,revenue_mutation_record_correction,Supreme Court,Synthetic Case: Petitioner challenged fraudulent mutation entry recorded in favor of third party in village revenue records (Khasra/Khatauni). Supreme Court set aside erroneous revenue entry and directed correction based on registered title documents. Ruling: Partial.,Partial,True
SYN_LAN_0025,land_dispute,common_pasture_gauchar_dispute,District Court,Synthetic Case: Residents challenged illegal conversion of village common pasture land into commercial allotment by local administrative committee. District Court re-affirmed public trust doctrine regarding common village assets and quashed commercial allotment. Ruling: Accepted.,Accepted,True
SYN_LAN_0026,land_dispute,land_ceiling_excess_surrender,High Court,Synthetic Case: Large landholder challenged state ceiling proceedings classifying surplus agricultural holdings for redistribution to landless families. High Court verified statutory ceiling limits and upheld surplus land declaration. Ruling: Rejected.,Rejected,True
SYN_LAN_0027,land_dispute,title_disputes,Supreme Court,"Synthetic Case: Plaintiff claimed sole title over 0.8 acres of ancestral agricultural land based on an unregistered family partition deed, whereas defendant produced a registered sale deed from a co-sharer. Supreme Court adjudicated title validity by applying registration requirements and revenue record entries. Ruling: Partial.",Partial,True
SYN_LAN_0028,land_dispute,land_acquisition_compensation,District Court,"Synthetic Case: Landowners challenged compensation awarded for highway land acquisition, contending that agricultural classification ignored nearby commercial development potential. District Court reassessed land valuation based on recent comparative sale exemplars and enhanced compensation. Ruling: Accepted.",Accepted,True
SYN_LAN_0029,land_dispute,tenancy_eviction,High Court,Synthetic Case: Landlord sought eviction of agricultural tenant on grounds of non-payment of crop share. Tenant produced proof of severe drought declaration and statutory protection under rural tenancy legislation. High Court dismissed eviction prayer while structuring rent deferment. Ruling: Rejected.,Rejected,True
SYN_LAN_0030,land_dispute,boundary_disputes,Supreme Court,Synthetic Case: Adjoining landholders disputed a boundary buffer strip of 4.0 acres. Total station survey conducted by the revenue surveyor was submitted as evidence. Supreme Court accepted official revenue boundary survey and directed physical demarcation with boundary pillars. Ruling: Partial.,Partial,True
SYN_LAN_0031,land_dispute,inheritance_partition,District Court,Synthetic Case: Daughter filed suit for partition claiming equal share in ancestral joint family land under amended Hindu Succession provisions. Brothers claimed prior oral partition. District Court held that oral partition without registered documentation does not defeat statutory equal coparcenary rights. Ruling: Accepted.,Accepted,True
SYN_LAN_0032,land_dispute,encroachments,High Court,Synthetic Case: Village Panchayat instituted eviction proceedings against unauthorized construction on community grazing land (Gauchar). Encroacher claimed long-standing occupation. High Court held community pasture land cannot be alienated or regularized and affirmed eviction orders. Ruling: Rejected.,Rejected,True
SYN_LAN_0033,land_dispute,adverse_possession,Supreme Court,"Synthetic Case: Occupant claimed ownership over a residential plot through adverse possession, demonstrating continuous, peaceful, and open occupation for over 15 years without owner interruption. Supreme Court evaluated hostile possession requirements and declared title. Ruling: Partial.",Partial,True
SYN_LAN_0034,land_dispute,government_land_allotment,District Court,Synthetic Case: Allotment of agricultural land patta to a landless worker was cancelled by local authorities without issuing a show-cause notice. District Court quashed the cancellation for violating natural justice principles and restored the patta allotment. Ruling: Accepted.,Accepted,True
SYN_LAN_0035,land_dispute,easementary_rights_way,High Court,Synthetic Case: Farm owner sought injunction against neighbor blocking traditional passage road connecting inner field plot to main cart track. High Court verified continuous prescription use for over 20 years and granted permanent easementary right of way. Ruling: Rejected.,Rejected,True
SYN_LAN_0036,land_dispute,mortgage_redemption_dispute,Supreme Court,Synthetic Case: Mortgagor filed suit for redemption of usufructuary mortgage over 3.5 acres of farmland upon full repayment of principal debt to moneylender. Supreme Court directed possession restoration and mortgage deed discharge. Ruling: Partial.,Partial,True
SYN_LAN_0037,land_dispute,revenue_mutation_record_correction,District Court,Synthetic Case: Petitioner challenged fraudulent mutation entry recorded in favor of third party in village revenue records (Khasra/Khatauni). District Court set aside erroneous revenue entry and directed correction based on registered title documents. Ruling: Accepted.,Accepted,True
SYN_LAN_0038,land_dispute,common_pasture_gauchar_dispute,High Court,Synthetic Case: Residents challenged illegal conversion of village common pasture land into commercial allotment by local administrative committee. High Court re-affirmed public trust doctrine regarding common village assets and quashed commercial allotment. Ruling: Rejected.,Rejected,True
SYN_LAN_0039,land_dispute,land_ceiling_excess_surrender,Supreme Court,Synthetic Case: Large landholder challenged state ceiling proceedings classifying surplus agricultural holdings for redistribution to landless families. Supreme Court verified statutory ceiling limits and upheld surplus land declaration. Ruling: Partial.,Partial,True
SYN_LAN_0040,land_dispute,title_disputes,District Court,"Synthetic Case: Plaintiff claimed sole title over 5 bighas of ancestral agricultural land based on an unregistered family partition deed, whereas defendant produced a registered sale deed from a co-sharer. District Court adjudicated title validity by applying registration requirements and revenue record entries. Ruling: Accepted.",Accepted,True
SYN_LAN_0041,land_dispute,land_acquisition_compensation,High Court,"Synthetic Case: Landowners challenged compensation awarded for highway land acquisition, contending that agricultural classification ignored nearby commercial development potential. High Court reassessed land valuation based on recent comparative sale exemplars and enhanced compensation. Ruling: Rejected.",Rejected,True
SYN_LAN_0042,land_dispute,tenancy_eviction,Supreme Court,Synthetic Case: Landlord sought eviction of agricultural tenant on grounds of non-payment of crop share. Tenant produced proof of severe drought declaration and statutory protection under rural tenancy legislation. Supreme Court dismissed eviction prayer while structuring rent deferment. Ruling: Partial.,Partial,True
SYN_LAN_0043,land_dispute,boundary_disputes,District Court,Synthetic Case: Adjoining landholders disputed a boundary buffer strip of 2.0 bighas. Total station survey conducted by the revenue surveyor was submitted as evidence. District Court accepted official revenue boundary survey and directed physical demarcation with boundary pillars. Ruling: Accepted.,Accepted,True
SYN_LAN_0044,land_dispute,inheritance_partition,High Court,Synthetic Case: Daughter filed suit for partition claiming equal share in ancestral joint family land under amended Hindu Succession provisions. Brothers claimed prior oral partition. High Court held that oral partition without registered documentation does not defeat statutory equal coparcenary rights. Ruling: Rejected.,Rejected,True
SYN_LAN_0045,land_dispute,encroachments,Supreme Court,Synthetic Case: Village Panchayat instituted eviction proceedings against unauthorized construction on community grazing land (Gauchar). Encroacher claimed long-standing occupation. Supreme Court held community pasture land cannot be alienated or regularized and affirmed eviction orders. Ruling: Partial.,Partial,True
SYN_LAN_0046,land_dispute,adverse_possession,District Court,"Synthetic Case: Occupant claimed ownership over a residential plot through adverse possession, demonstrating continuous, peaceful, and open occupation for over 15 years without owner interruption. District Court evaluated hostile possession requirements and declared title. Ruling: Accepted.",Accepted,True
SYN_LAN_0047,land_dispute,government_land_allotment,High Court,Synthetic Case: Allotment of agricultural land patta to a landless worker was cancelled by local authorities without issuing a show-cause notice. High Court quashed the cancellation for violating natural justice principles and restored the patta allotment. Ruling: Rejected.,Rejected,True
SYN_LAN_0048,land_dispute,easementary_rights_way,Supreme Court,Synthetic Case: Farm owner sought injunction against neighbor blocking traditional passage road connecting inner field plot to main cart track. Supreme Court verified continuous prescription use for over 20 years and granted permanent easementary right of way. Ruling: Partial.,Partial,True
SYN_LAN_0049,land_dispute,mortgage_redemption_dispute,District Court,Synthetic Case: Mortgagor filed suit for redemption of usufructuary mortgage over 4.0 acres of farmland upon full repayment of principal debt to moneylender. District Court directed possession restoration and mortgage deed discharge. Ruling: Accepted.,Accepted,True
SYN_LAN_0050,land_dispute,revenue_mutation_record_correction,High Court,Synthetic Case: Petitioner challenged fraudulent mutation entry recorded in favor of third party in village revenue records (Khasra/Khatauni). High Court set aside erroneous revenue entry and directed correction based on registered title documents. Ruling: Rejected.,Rejected,True
SYN_LAN_0051,land_dispute,common_pasture_gauchar_dispute,Supreme Court,Synthetic Case: Residents challenged illegal conversion of village common pasture land into commercial allotment by local administrative committee. Supreme Court re-affirmed public trust doctrine regarding common village assets and quashed commercial allotment. Ruling: Partial.,Partial,True
SYN_LAN_0052,land_dispute,land_ceiling_excess_surrender,District Court,Synthetic Case: Large landholder challenged state ceiling proceedings classifying surplus agricultural holdings for redistribution to landless families. District Court verified statutory ceiling limits and upheld surplus land declaration. Ruling: Accepted.,Accepted,True
SYN_LAN_0053,land_dispute,title_disputes,High Court,"Synthetic Case: Plaintiff claimed sole title over 0.8 acres of ancestral agricultural land based on an unregistered family partition deed, whereas defendant produced a registered sale deed from a co-sharer. High Court adjudicated title validity by applying registration requirements and revenue record entries. Ruling: Rejected.",Rejected,True
SYN_LAN_0054,land_dispute,land_acquisition_compensation,Supreme Court,"Synthetic Case: Landowners challenged compensation awarded for highway land acquisition, contending that agricultural classification ignored nearby commercial development potential. Supreme Court reassessed land valuation based on recent comparative sale exemplars and enhanced compensation. Ruling: Partial.",Partial,True
SYN_LAN_0055,land_dispute,tenancy_eviction,District Court,Synthetic Case: Landlord sought eviction of agricultural tenant on grounds of non-payment of crop share. Tenant produced proof of severe drought declaration and statutory protection under rural tenancy legislation. District Court dismissed eviction prayer while structuring rent deferment. Ruling: Accepted.,Accepted,True
SYN_LAN_0056,land_dispute,boundary_disputes,High Court,Synthetic Case: Adjoining landholders disputed a boundary buffer strip of 4.0 acres. Total station survey conducted by the revenue surveyor was submitted as evidence. High Court accepted official revenue boundary survey and directed physical demarcation with boundary pillars. Ruling: Rejected.,Rejected,True
SYN_LAN_0057,land_dispute,inheritance_partition,Supreme Court,Synthetic Case: Daughter filed suit for partition claiming equal share in ancestral joint family land under amended Hindu Succession provisions. Brothers claimed prior oral partition. Supreme Court held that oral partition without registered documentation does not defeat statutory equal coparcenary rights. Ruling: Partial.,Partial,True
SYN_LAN_0058,land_dispute,encroachments,District Court,Synthetic Case: Village Panchayat instituted eviction proceedings against unauthorized construction on community grazing land (Gauchar). Encroacher claimed long-standing occupation. District Court held community pasture land cannot be alienated or regularized and affirmed eviction orders. Ruling: Accepted.,Accepted,True
SYN_LAN_0059,land_dispute,adverse_possession,High Court,"Synthetic Case: Occupant claimed ownership over a residential plot through adverse possession, demonstrating continuous, peaceful, and open occupation for over 15 years without owner interruption. High Court evaluated hostile possession requirements and declared title. Ruling: Rejected.",Rejected,True
SYN_LAN_0060,land_dispute,government_land_allotment,Supreme Court,Synthetic Case: Allotment of agricultural land patta to a landless worker was cancelled by local authorities without issuing a show-cause notice. Supreme Court quashed the cancellation for violating natural justice principles and restored the patta allotment. Ruling: Partial.,Partial,True
SYN_LAN_0061,land_dispute,easementary_rights_way,District Court,Synthetic Case: Farm owner sought injunction against neighbor blocking traditional passage road connecting inner field plot to main cart track. District Court verified continuous prescription use for over 20 years and granted permanent easementary right of way. Ruling: Accepted.,Accepted,True
SYN_LAN_0062,land_dispute,mortgage_redemption_dispute,High Court,Synthetic Case: Mortgagor filed suit for redemption of usufructuary mortgage over 2.5 acres of farmland upon full repayment of principal debt to moneylender. High Court directed possession restoration and mortgage deed discharge. Ruling: Rejected.,Rejected,True
SYN_LAN_0063,land_dispute,revenue_mutation_record_correction,Supreme Court,Synthetic Case: Petitioner challenged fraudulent mutation entry recorded in favor of third party in village revenue records (Khasra/Khatauni). Supreme Court set aside erroneous revenue entry and directed correction based on registered title documents. Ruling: Partial.,Partial,True
SYN_LAN_0064,land_dispute,common_pasture_gauchar_dispute,District Court,Synthetic Case: Residents challenged illegal conversion of village common pasture land into commercial allotment by local administrative committee. District Court re-affirmed public trust doctrine regarding common village assets and quashed commercial allotment. Ruling: Accepted.,Accepted,True
SYN_LAN_0065,land_dispute,land_ceiling_excess_surrender,High Court,Synthetic Case: Large landholder challenged state ceiling proceedings classifying surplus agricultural holdings for redistribution to landless families. High Court verified statutory ceiling limits and upheld surplus land declaration. Ruling: Rejected.,Rejected,True
SYN_LAN_0066,land_dispute,title_disputes,Supreme Court,"Synthetic Case: Plaintiff claimed sole title over 5 bighas of ancestral agricultural land based on an unregistered family partition deed, whereas defendant produced a registered sale deed from a co-sharer. Supreme Court adjudicated title validity by applying registration requirements and revenue record entries. Ruling: Partial.",Partial,True
SYN_LAN_0067,land_dispute,land_acquisition_compensation,District Court,"Synthetic Case: Landowners challenged compensation awarded for highway land acquisition, contending that agricultural classification ignored nearby commercial development potential. District Court reassessed land valuation based on recent comparative sale exemplars and enhanced compensation. Ruling: Accepted.",Accepted,True
SYN_LAN_0068,land_dispute,tenancy_eviction,High Court,Synthetic Case: Landlord sought eviction of agricultural tenant on grounds of non-payment of crop share. Tenant produced proof of severe drought declaration and statutory protection under rural tenancy legislation. High Court dismissed eviction prayer while structuring rent deferment. Ruling: Rejected.,Rejected,True
SYN_LAN_0069,land_dispute,boundary_disputes,Supreme Court,Synthetic Case: Adjoining landholders disputed a boundary buffer strip of 12 bighas. Total station survey conducted by the revenue surveyor was submitted as evidence. Supreme Court accepted official revenue boundary survey and directed physical demarcation with boundary pillars. Ruling: Partial.,Partial,True
SYN_LAN_0070,land_dispute,inheritance_partition,District Court,Synthetic Case: Daughter filed suit for partition claiming equal share in ancestral joint family land under amended Hindu Succession provisions. Brothers claimed prior oral partition. District Court held that oral partition without registered documentation does not defeat statutory equal coparcenary rights. Ruling: Accepted.,Accepted,True
SYN_LAN_0071,land_dispute,encroachments,High Court,Synthetic Case: Village Panchayat instituted eviction proceedings against unauthorized construction on community grazing land (Gauchar). Encroacher claimed long-standing occupation. High Court held community pasture land cannot be alienated or regularized and affirmed eviction orders. Ruling: Rejected.,Rejected,True
SYN_LAN_0072,land_dispute,adverse_possession,Supreme Court,"Synthetic Case: Occupant claimed ownership over a residential plot through adverse possession, demonstrating continuous, peaceful, and open occupation for over 15 years without owner interruption. Supreme Court evaluated hostile possession requirements and declared title. Ruling: Partial.",Partial,True
SYN_LAN_0073,land_dispute,government_land_allotment,District Court,Synthetic Case: Allotment of agricultural land patta to a landless worker was cancelled by local authorities without issuing a show-cause notice. District Court quashed the cancellation for violating natural justice principles and restored the patta allotment. Ruling: Accepted.,Accepted,True
SYN_LAN_0074,land_dispute,easementary_rights_way,High Court,Synthetic Case: Farm owner sought injunction against neighbor blocking traditional passage road connecting inner field plot to main cart track. High Court verified continuous prescription use for over 20 years and granted permanent easementary right of way. Ruling: Rejected.,Rejected,True
SYN_LAN_0075,land_dispute,mortgage_redemption_dispute,Supreme Court,Synthetic Case: Mortgagor filed suit for redemption of usufructuary mortgage over 4.0 acres of farmland upon full repayment of principal debt to moneylender. Supreme Court directed possession restoration and mortgage deed discharge. Ruling: Partial.,Partial,True
SYN_LAN_0076,land_dispute,revenue_mutation_record_correction,District Court,Synthetic Case: Petitioner challenged fraudulent mutation entry recorded in favor of third party in village revenue records (Khasra/Khatauni). District Court set aside erroneous revenue entry and directed correction based on registered title documents. Ruling: Accepted.,Accepted,True
SYN_LAN_0077,land_dispute,common_pasture_gauchar_dispute,High Court,Synthetic Case: Residents challenged illegal conversion of village common pasture land into commercial allotment by local administrative committee. High Court re-affirmed public trust doctrine regarding common village assets and quashed commercial allotment. Ruling: Rejected.,Rejected,True
SYN_LAN_0078,land_dispute,land_ceiling_excess_surrender,Supreme Court,Synthetic Case: Large landholder challenged state ceiling proceedings classifying surplus agricultural holdings for redistribution to landless families. Supreme Court verified statutory ceiling limits and upheld surplus land declaration. Ruling: Partial.,Partial,True
SYN_LAN_0079,land_dispute,title_disputes,District Court,"Synthetic Case: Plaintiff claimed sole title over 2.0 bighas of ancestral agricultural land based on an unregistered family partition deed, whereas defendant produced a registered sale deed from a co-sharer. District Court adjudicated title validity by applying registration requirements and revenue record entries. Ruling: Accepted.",Accepted,True
SYN_LAN_0080,land_dispute,land_acquisition_compensation,High Court,"Synthetic Case: Landowners challenged compensation awarded for highway land acquisition, contending that agricultural classification ignored nearby commercial development potential. High Court reassessed land valuation based on recent comparative sale exemplars and enhanced compensation. Ruling: Rejected.",Rejected,True
SYN_LAN_0081,land_dispute,tenancy_eviction,Supreme Court,Synthetic Case: Landlord sought eviction of agricultural tenant on grounds of non-payment of crop share. Tenant produced proof of severe drought declaration and statutory protection under rural tenancy legislation. Supreme Court dismissed eviction prayer while structuring rent deferment. Ruling: Partial.,Partial,True
SYN_LAN_0082,land_dispute,boundary_disputes,District Court,Synthetic Case: Adjoining landholders disputed a boundary buffer strip of 4.0 acres. Total station survey conducted by the revenue surveyor was submitted as evidence. District Court accepted official revenue boundary survey and directed physical demarcation with boundary pillars. Ruling: Accepted.,Accepted,True
SYN_LAN_0083,land_dispute,inheritance_partition,High Court,Synthetic Case: Daughter filed suit for partition claiming equal share in ancestral joint family land under amended Hindu Succession provisions. Brothers claimed prior oral partition. High Court held that oral partition without registered documentation does not defeat statutory equal coparcenary rights. Ruling: Rejected.,Rejected,True
SYN_LAN_0084,land_dispute,encroachments,Supreme Court,Synthetic Case: Village Panchayat instituted eviction proceedings against unauthorized construction on community grazing land (Gauchar). Encroacher claimed long-standing occupation. Supreme Court held community pasture land cannot be alienated or regularized and affirmed eviction orders. Ruling: Partial.,Partial,True
SYN_LAN_0085,land_dispute,adverse_possession,District Court,"Synthetic Case: Occupant claimed ownership over a residential plot through adverse possession, demonstrating continuous, peaceful, and open occupation for over 15 years without owner interruption. District Court evaluated hostile possession requirements and declared title. Ruling: Accepted.",Accepted,True
SYN_LAN_0086,land_dispute,government_land_allotment,High Court,Synthetic Case: Allotment of agricultural land patta to a landless worker was cancelled by local authorities without issuing a show-cause notice. High Court quashed the cancellation for violating natural justice principles and restored the patta allotment. Ruling: Rejected.,Rejected,True
SYN_LAN_0087,land_dispute,easementary_rights_way,Supreme Court,Synthetic Case: Farm owner sought injunction against neighbor blocking traditional passage road connecting inner field plot to main cart track. Supreme Court verified continuous prescription use for over 20 years and granted permanent easementary right of way. Ruling: Partial.,Partial,True
SYN_LAN_0088,land_dispute,mortgage_redemption_dispute,District Court,Synthetic Case: Mortgagor filed suit for redemption of usufructuary mortgage over 4.0 acres of farmland upon full repayment of principal debt to moneylender. District Court directed possession restoration and mortgage deed discharge. Ruling: Accepted.,Accepted,True
SYN_LAN_0089,land_dispute,revenue_mutation_record_correction,High Court,Synthetic Case: Petitioner challenged fraudulent mutation entry recorded in favor of third party in village revenue records (Khasra/Khatauni). High Court set aside erroneous revenue entry and directed correction based on registered title documents. Ruling: Rejected.,Rejected,True
SYN_LAN_0090,land_dispute,common_pasture_gauchar_dispute,Supreme Court,Synthetic Case: Residents challenged illegal conversion of village common pasture land into commercial allotment by local administrative committee. Supreme Court re-affirmed public trust doctrine regarding common village assets and quashed commercial allotment. Ruling: Partial.,Partial,True
SYN_LAN_0091,land_dispute,land_ceiling_excess_surrender,District Court,Synthetic Case: Large landholder challenged state ceiling proceedings classifying surplus agricultural holdings for redistribution to landless families. District Court verified statutory ceiling limits and upheld surplus land declaration. Ruling: Accepted.,Accepted,True
SYN_LAN_0092,land_dispute,title_disputes,High Court,"Synthetic Case: Plaintiff claimed sole title over 12 bighas of ancestral agricultural land based on an unregistered family partition deed, whereas defendant produced a registered sale deed from a co-sharer. High Court adjudicated title validity by applying registration requirements and revenue record entries. Ruling: Rejected.",Rejected,True
SYN_LAN_0093,land_dispute,land_acquisition_compensation,Supreme Court,"Synthetic Case: Landowners challenged compensation awarded for highway land acquisition, contending that agricultural classification ignored nearby commercial development potential. Supreme Court reassessed land valuation based on recent comparative sale exemplars and enhanced compensation. Ruling: Partial.",Partial,True
SYN_LAN_0094,land_dispute,tenancy_eviction,District Court,Synthetic Case: Landlord sought eviction of agricultural tenant on grounds of non-payment of crop share. Tenant produced proof of severe drought declaration and statutory protection under rural tenancy legislation. District Court dismissed eviction prayer while structuring rent deferment. Ruling: Accepted.,Accepted,True
SYN_LAN_0095,land_dispute,boundary_disputes,High Court,Synthetic Case: Adjoining landholders disputed a boundary buffer strip of 0.8 acres. Total station survey conducted by the revenue surveyor was submitted as evidence. High Court accepted official revenue boundary survey and directed physical demarcation with boundary pillars. Ruling: Rejected.,Rejected,True
SYN_LAN_0096,land_dispute,inheritance_partition,Supreme Court,Synthetic Case: Daughter filed suit for partition claiming equal share in ancestral joint family land under amended Hindu Succession provisions. Brothers claimed prior oral partition. Supreme Court held that oral partition without registered documentation does not defeat statutory equal coparcenary rights. Ruling: Partial.,Partial,True
SYN_LAN_0097,land_dispute,encroachments,District Court,Synthetic Case: Village Panchayat instituted eviction proceedings against unauthorized construction on community grazing land (Gauchar). Encroacher claimed long-standing occupation. District Court held community pasture land cannot be alienated or regularized and affirmed eviction orders. Ruling: Accepted.,Accepted,True
SYN_LAN_0098,land_dispute,adverse_possession,High Court,"Synthetic Case: Occupant claimed ownership over a residential plot through adverse possession, demonstrating continuous, peaceful, and open occupation for over 15 years without owner interruption. High Court evaluated hostile possession requirements and declared title. Ruling: Rejected.",Rejected,True
SYN_LAN_0099,land_dispute,government_land_allotment,Supreme Court,Synthetic Case: Allotment of agricultural land patta to a landless worker was cancelled by local authorities without issuing a show-cause notice. Supreme Court quashed the cancellation for violating natural justice principles and restored the patta allotment. Ruling: Partial.,Partial,True
SYN_LAN_0100,land_dispute,easementary_rights_way,District Court,Synthetic Case: Farm owner sought injunction against neighbor blocking traditional passage road connecting inner field plot to main cart track. District Court verified continuous prescription use for over 20 years and granted permanent easementary right of way. Ruling: Accepted.,Accepted,True
SYN_LAN_0101,land_dispute,mortgage_redemption_dispute,High Court,Synthetic Case: Mortgagor filed suit for redemption of usufructuary mortgage over 5 bighas of farmland upon full repayment of principal debt to moneylender. High Court directed possession restoration and mortgage deed discharge. Ruling: Rejected.,Rejected,True
SYN_LAN_0102,land_dispute,revenue_mutation_record_correction,Supreme Court,Synthetic Case: Petitioner challenged fraudulent mutation entry recorded in favor of third party in village revenue records (Khasra/Khatauni). Supreme Court set aside erroneous revenue entry and directed correction based on registered title documents. Ruling: Partial.,Partial,True
SYN_LAN_0103,land_dispute,common_pasture_gauchar_dispute,District Court,Synthetic Case: Residents challenged illegal conversion of village common pasture land into commercial allotment by local administrative committee. District Court re-affirmed public trust doctrine regarding common village assets and quashed commercial allotment. Ruling: Accepted.,Accepted,True
SYN_LAN_0104,land_dispute,land_ceiling_excess_surrender,High Court,Synthetic Case: Large landholder challenged state ceiling proceedings classifying surplus agricultural holdings for redistribution to landless families. High Court verified statutory ceiling limits and upheld surplus land declaration. Ruling: Rejected.,Rejected,True
SYN_LAN_0105,land_dispute,title_disputes,Supreme Court,"Synthetic Case: Plaintiff claimed sole title over 5 bighas of ancestral agricultural land based on an unregistered family partition deed, whereas defendant produced a registered sale deed from a co-sharer. Supreme Court adjudicated title validity by applying registration requirements and revenue record entries. Ruling: Partial.",Partial,True
SYN_LAN_0106,land_dispute,land_acquisition_compensation,District Court,"Synthetic Case: Landowners challenged compensation awarded for highway land acquisition, contending that agricultural classification ignored nearby commercial development potential. District Court reassessed land valuation based on recent comparative sale exemplars and enhanced compensation. Ruling: Accepted.",Accepted,True
SYN_LAN_0107,land_dispute,tenancy_eviction,High Court,Synthetic Case: Landlord sought eviction of agricultural tenant on grounds of non-payment of crop share. Tenant produced proof of severe drought declaration and statutory protection under rural tenancy legislation. High Court dismissed eviction prayer while structuring rent deferment. Ruling: Rejected.,Rejected,True
SYN_LAN_0108,land_dispute,boundary_disputes,Supreme Court,Synthetic Case: Adjoining landholders disputed a boundary buffer strip of 1.2 acres. Total station survey conducted by the revenue surveyor was submitted as evidence. Supreme Court accepted official revenue boundary survey and directed physical demarcation with boundary pillars. Ruling: Partial.,Partial,True
SYN_LAN_0109,land_dispute,inheritance_partition,District Court,Synthetic Case: Daughter filed suit for partition claiming equal share in ancestral joint family land under amended Hindu Succession provisions. Brothers claimed prior oral partition. District Court held that oral partition without registered documentation does not defeat statutory equal coparcenary rights. Ruling: Accepted.,Accepted,True
SYN_LAN_0110,land_dispute,encroachments,High Court,Synthetic Case: Village Panchayat instituted eviction proceedings against unauthorized construction on community grazing land (Gauchar). Encroacher claimed long-standing occupation. High Court held community pasture land cannot be alienated or regularized and affirmed eviction orders. Ruling: Rejected.,Rejected,True
SYN_LAN_0111,land_dispute,adverse_possession,Supreme Court,"Synthetic Case: Occupant claimed ownership over a residential plot through adverse possession, demonstrating continuous, peaceful, and open occupation for over 15 years without owner interruption. Supreme Court evaluated hostile possession requirements and declared title. Ruling: Partial.",Partial,True
SYN_LAN_0112,land_dispute,government_land_allotment,District Court,Synthetic Case: Allotment of agricultural land patta to a landless worker was cancelled by local authorities without issuing a show-cause notice. District Court quashed the cancellation for violating natural justice principles and restored the patta allotment. Ruling: Accepted.,Accepted,True
SYN_LAN_0113,land_dispute,easementary_rights_way,High Court,Synthetic Case: Farm owner sought injunction against neighbor blocking traditional passage road connecting inner field plot to main cart track. High Court verified continuous prescription use for over 20 years and granted permanent easementary right of way. Ruling: Rejected.,Rejected,True
SYN_LAN_0114,land_dispute,mortgage_redemption_dispute,Supreme Court,Synthetic Case: Mortgagor filed suit for redemption of usufructuary mortgage over 2.0 bighas of farmland upon full repayment of principal debt to moneylender. Supreme Court directed possession restoration and mortgage deed discharge. Ruling: Partial.,Partial,True
SYN_LAN_0115,land_dispute,revenue_mutation_record_correction,District Court,Synthetic Case: Petitioner challenged fraudulent mutation entry recorded in favor of third party in village revenue records (Khasra/Khatauni). District Court set aside erroneous revenue entry and directed correction based on registered title documents. Ruling: Accepted.,Accepted,True
SYN_LAN_0116,land_dispute,common_pasture_gauchar_dispute,High Court,Synthetic Case: Residents challenged illegal conversion of village common pasture land into commercial allotment by local administrative committee. High Court re-affirmed public trust doctrine regarding common village assets and quashed commercial allotment. Ruling: Rejected.,Rejected,True
SYN_LAN_0117,land_dispute,land_ceiling_excess_surrender,Supreme Court,Synthetic Case: Large landholder challenged state ceiling proceedings classifying surplus agricultural holdings for redistribution to landless families. Supreme Court verified statutory ceiling limits and upheld surplus land declaration. Ruling: Partial.,Partial,True
SYN_LAN_0118,land_dispute,title_disputes,District Court,"Synthetic Case: Plaintiff claimed sole title over 12 bighas of ancestral agricultural land based on an unregistered family partition deed, whereas defendant produced a registered sale deed from a co-sharer. District Court adjudicated title validity by applying registration requirements and revenue record entries. Ruling: Accepted.",Accepted,True
SYN_LAN_0119,land_dispute,land_acquisition_compensation,High Court,"Synthetic Case: Landowners challenged compensation awarded for highway land acquisition, contending that agricultural classification ignored nearby commercial development potential. High Court reassessed land valuation based on recent comparative sale exemplars and enhanced compensation. Ruling: Rejected.",Rejected,True
SYN_LAN_0120,land_dispute,tenancy_eviction,Supreme Court,Synthetic Case: Landlord sought eviction of agricultural tenant on grounds of non-payment of crop share. Tenant produced proof of severe drought declaration and statutory protection under rural tenancy legislation. Supreme Court dismissed eviction prayer while structuring rent deferment. Ruling: Partial.,Partial,True
SYN_LAN_0121,land_dispute,boundary_disputes,District Court,Synthetic Case: Adjoining landholders disputed a boundary buffer strip of 2.5 acres. Total station survey conducted by the revenue surveyor was submitted as evidence. District Court accepted official revenue boundary survey and directed physical demarcation with boundary pillars. Ruling: Accepted.,Accepted,True
SYN_LAN_0122,land_dispute,inheritance_partition,High Court,Synthetic Case: Daughter filed suit for partition claiming equal share in ancestral joint family land under amended Hindu Succession provisions. Brothers claimed prior oral partition. High Court held that oral partition without registered documentation does not defeat statutory equal coparcenary rights. Ruling: Rejected.,Rejected,True
SYN_LAN_0123,land_dispute,encroachments,Supreme Court,Synthetic Case: Village Panchayat instituted eviction proceedings against unauthorized construction on community grazing land (Gauchar). Encroacher claimed long-standing occupation. Supreme Court held community pasture land cannot be alienated or regularized and affirmed eviction orders. Ruling: Partial.,Partial,True
SYN_LAN_0124,land_dispute,adverse_possession,District Court,"Synthetic Case: Occupant claimed ownership over a residential plot through adverse possession, demonstrating continuous, peaceful, and open occupation for over 15 years without owner interruption. District Court evaluated hostile possession requirements and declared title. Ruling: Accepted.",Accepted,True
SYN_LAN_0125,land_dispute,government_land_allotment,High Court,Synthetic Case: Allotment of agricultural land patta to a landless worker was cancelled by local authorities without issuing a show-cause notice. High Court quashed the cancellation for violating natural justice principles and restored the patta allotment. Ruling: Rejected.,Rejected,True
SYN_LAN_0126,land_dispute,easementary_rights_way,Supreme Court,Synthetic Case: Farm owner sought injunction against neighbor blocking traditional passage road connecting inner field plot to main cart track. Supreme Court verified continuous prescription use for over 20 years and granted permanent easementary right of way. Ruling: Partial.,Partial,True
SYN_LAN_0127,land_dispute,mortgage_redemption_dispute,District Court,Synthetic Case: Mortgagor filed suit for redemption of usufructuary mortgage over 3.5 acres of farmland upon full repayment of principal debt to moneylender. District Court directed possession restoration and mortgage deed discharge. Ruling: Accepted.,Accepted,True
SYN_LAN_0128,land_dispute,revenue_mutation_record_correction,High Court,Synthetic Case: Petitioner challenged fraudulent mutation entry recorded in favor of third party in village revenue records (Khasra/Khatauni). High Court set aside erroneous revenue entry and directed correction based on registered title documents. Ruling: Rejected.,Rejected,True
SYN_LAN_0129,land_dispute,common_pasture_gauchar_dispute,Supreme Court,Synthetic Case: Residents challenged illegal conversion of village common pasture land into commercial allotment by local administrative committee. Supreme Court re-affirmed public trust doctrine regarding common village assets and quashed commercial allotment. Ruling: Partial.,Partial,True
SYN_LAN_0130,land_dispute,land_ceiling_excess_surrender,District Court,Synthetic Case: Large landholder challenged state ceiling proceedings classifying surplus agricultural holdings for redistribution to landless families. District Court verified statutory ceiling limits and upheld surplus land declaration. Ruling: Accepted.,Accepted,True
SYN_LAN_0131,land_dispute,title_disputes,High Court,"Synthetic Case: Plaintiff claimed sole title over 0.8 acres of ancestral agricultural land based on an unregistered family partition deed, whereas defendant produced a registered sale deed from a co-sharer. High Court adjudicated title validity by applying registration requirements and revenue record entries. Ruling: Rejected.",Rejected,True
SYN_LAN_0132,land_dispute,land_acquisition_compensation,Supreme Court,"Synthetic Case: Landowners challenged compensation awarded for highway land acquisition, contending that agricultural classification ignored nearby commercial development potential. Supreme Court reassessed land valuation based on recent comparative sale exemplars and enhanced compensation. Ruling: Partial.",Partial,True
SYN_LAN_0133,land_dispute,tenancy_eviction,District Court,Synthetic Case: Landlord sought eviction of agricultural tenant on grounds of non-payment of crop share. Tenant produced proof of severe drought declaration and statutory protection under rural tenancy legislation. District Court dismissed eviction prayer while structuring rent deferment. Ruling: Accepted.,Accepted,True
SYN_LAN_0134,land_dispute,boundary_disputes,High Court,Synthetic Case: Adjoining landholders disputed a boundary buffer strip of 0.8 acres. Total station survey conducted by the revenue surveyor was submitted as evidence. High Court accepted official revenue boundary survey and directed physical demarcation with boundary pillars. Ruling: Rejected.,Rejected,True
SYN_LAN_0135,land_dispute,inheritance_partition,Supreme Court,Synthetic Case: Daughter filed suit for partition claiming equal share in ancestral joint family land under amended Hindu Succession provisions. Brothers claimed prior oral partition. Supreme Court held that oral partition without registered documentation does not defeat statutory equal coparcenary rights. Ruling: Partial.,Partial,True
SYN_LAN_0136,land_dispute,encroachments,District Court,Synthetic Case: Village Panchayat instituted eviction proceedings against unauthorized construction on community grazing land (Gauchar). Encroacher claimed long-standing occupation. District Court held community pasture land cannot be alienated or regularized and affirmed eviction orders. Ruling: Accepted.,Accepted,True
SYN_LAN_0137,land_dispute,adverse_possession,High Court,"Synthetic Case: Occupant claimed ownership over a residential plot through adverse possession, demonstrating continuous, peaceful, and open occupation for over 15 years without owner interruption. High Court evaluated hostile possession requirements and declared title. Ruling: Rejected.",Rejected,True
SYN_LAN_0138,land_dispute,government_land_allotment,Supreme Court,Synthetic Case: Allotment of agricultural land patta to a landless worker was cancelled by local authorities without issuing a show-cause notice. Supreme Court quashed the cancellation for violating natural justice principles and restored the patta allotment. Ruling: Partial.,Partial,True
SYN_LAN_0139,land_dispute,easementary_rights_way,District Court,Synthetic Case: Farm owner sought injunction against neighbor blocking traditional passage road connecting inner field plot to main cart track. District Court verified continuous prescription use for over 20 years and granted permanent easementary right of way. Ruling: Accepted.,Accepted,True
SYN_LAN_0140,land_dispute,mortgage_redemption_dispute,High Court,Synthetic Case: Mortgagor filed suit for redemption of usufructuary mortgage over 12 bighas of farmland upon full repayment of principal debt to moneylender. High Court directed possession restoration and mortgage deed discharge. Ruling: Rejected.,Rejected,True
SYN_LAN_0141,land_dispute,revenue_mutation_record_correction,Supreme Court,Synthetic Case: Petitioner challenged fraudulent mutation entry recorded in favor of third party in village revenue records (Khasra/Khatauni). Supreme Court set aside erroneous revenue entry and directed correction based on registered title documents. Ruling: Partial.,Partial,True
SYN_LAN_0142,land_dispute,common_pasture_gauchar_dispute,District Court,Synthetic Case: Residents challenged illegal conversion of village common pasture land into commercial allotment by local administrative committee. District Court re-affirmed public trust doctrine regarding common village assets and quashed commercial allotment. Ruling: Accepted.,Accepted,True
SYN_LAN_0143,land_dispute,land_ceiling_excess_surrender,High Court,Synthetic Case: Large landholder challenged state ceiling proceedings classifying surplus agricultural holdings for redistribution to landless families. High Court verified statutory ceiling limits and upheld surplus land declaration. Ruling: Rejected.,Rejected,True
SYN_LAN_0144,land_dispute,title_disputes,Supreme Court,"Synthetic Case: Plaintiff claimed sole title over 12 bighas of ancestral agricultural land based on an unregistered family partition deed, whereas defendant produced a registered sale deed from a co-sharer. Supreme Court adjudicated title validity by applying registration requirements and revenue record entries. Ruling: Partial.",Partial,True
SYN_LAN_0145,land_dispute,land_acquisition_compensation,District Court,"Synthetic Case: Landowners challenged compensation awarded for highway land acquisition, contending that agricultural classification ignored nearby commercial development potential. District Court reassessed land valuation based on recent comparative sale exemplars and enhanced compensation. Ruling: Accepted.",Accepted,True
SYN_LAN_0146,land_dispute,tenancy_eviction,High Court,Synthetic Case: Landlord sought eviction of agricultural tenant on grounds of non-payment of crop share. Tenant produced proof of severe drought declaration and statutory protection under rural tenancy legislation. High Court dismissed eviction prayer while structuring rent deferment. Ruling: Rejected.,Rejected,True
SYN_LAN_0147,land_dispute,boundary_disputes,Supreme Court,Synthetic Case: Adjoining landholders disputed a boundary buffer strip of 0.8 acres. Total station survey conducted by the revenue surveyor was submitted as evidence. Supreme Court accepted official revenue boundary survey and directed physical demarcation with boundary pillars. Ruling: Partial.,Partial,True
SYN_LAN_0148,land_dispute,inheritance_partition,District Court,Synthetic Case: Daughter filed suit for partition claiming equal share in ancestral joint family land under amended Hindu Succession provisions. Brothers claimed prior oral partition. District Court held that oral partition without registered documentation does not defeat statutory equal coparcenary rights. Ruling: Accepted.,Accepted,True
SYN_LAN_0149,land_dispute,encroachments,High Court,Synthetic Case: Village Panchayat instituted eviction proceedings against unauthorized construction on community grazing land (Gauchar). Encroacher claimed long-standing occupation. High Court held community pasture land cannot be alienated or regularized and affirmed eviction orders. Ruling: Rejected.,Rejected,True
SYN_LAN_0150,land_dispute,adverse_possession,Supreme Court,"Synthetic Case: Occupant claimed ownership over a residential plot through adverse possession, demonstrating continuous, peaceful, and open occupation for over 15 years without owner interruption. Supreme Court evaluated hostile possession requirements and declared title. Ruling: Partial.",Partial,True
SYN_LAN_0151,land_dispute,government_land_allotment,District Court,Synthetic Case: Allotment of agricultural land patta to a landless worker was cancelled by local authorities without issuing a show-cause notice. District Court quashed the cancellation for violating natural justice principles and restored the patta allotment. Ruling: Accepted.,Accepted,True
SYN_LAN_0152,land_dispute,easementary_rights_way,High Court,Synthetic Case: Farm owner sought injunction against neighbor blocking traditional passage road connecting inner field plot to main cart track. High Court verified continuous prescription use for over 20 years and granted permanent easementary right of way. Ruling: Rejected.,Rejected,True
SYN_LAN_0153,land_dispute,mortgage_redemption_dispute,Supreme Court,Synthetic Case: Mortgagor filed suit for redemption of usufructuary mortgage over 1.2 acres of farmland upon full repayment of principal debt to moneylender. Supreme Court directed possession restoration and mortgage deed discharge. Ruling: Partial.,Partial,True
SYN_LAN_0154,land_dispute,revenue_mutation_record_correction,District Court,Synthetic Case: Petitioner challenged fraudulent mutation entry recorded in favor of third party in village revenue records (Khasra/Khatauni). District Court set aside erroneous revenue entry and directed correction based on registered title documents. Ruling: Accepted.,Accepted,True
SYN_LAN_0155,land_dispute,common_pasture_gauchar_dispute,High Court,Synthetic Case: Residents challenged illegal conversion of village common pasture land into commercial allotment by local administrative committee. High Court re-affirmed public trust doctrine regarding common village assets and quashed commercial allotment. Ruling: Rejected.,Rejected,True
SYN_LAN_0156,land_dispute,land_ceiling_excess_surrender,Supreme Court,Synthetic Case: Large landholder challenged state ceiling proceedings classifying surplus agricultural holdings for redistribution to landless families. Supreme Court verified statutory ceiling limits and upheld surplus land declaration. Ruling: Partial.,Partial,True
SYN_LAN_0157,land_dispute,title_disputes,District Court,"Synthetic Case: Plaintiff claimed sole title over 2.5 acres of ancestral agricultural land based on an unregistered family partition deed, whereas defendant produced a registered sale deed from a co-sharer. District Court adjudicated title validity by applying registration requirements and revenue record entries. Ruling: Accepted.",Accepted,True
SYN_LAN_0158,land_dispute,land_acquisition_compensation,High Court,"Synthetic Case: Landowners challenged compensation awarded for highway land acquisition, contending that agricultural classification ignored nearby commercial development potential. High Court reassessed land valuation based on recent comparative sale exemplars and enhanced compensation. Ruling: Rejected.",Rejected,True
SYN_LAN_0159,land_dispute,tenancy_eviction,Supreme Court,Synthetic Case: Landlord sought eviction of agricultural tenant on grounds of non-payment of crop share. Tenant produced proof of severe drought declaration and statutory protection under rural tenancy legislation. Supreme Court dismissed eviction prayer while structuring rent deferment. Ruling: Partial.,Partial,True
SYN_LAN_0160,land_dispute,boundary_disputes,District Court,Synthetic Case: Adjoining landholders disputed a boundary buffer strip of 3.5 acres. Total station survey conducted by the revenue surveyor was submitted as evidence. District Court accepted official revenue boundary survey and directed physical demarcation with boundary pillars. Ruling: Accepted.,Accepted,True
SYN_LAN_0161,land_dispute,inheritance_partition,High Court,Synthetic Case: Daughter filed suit for partition claiming equal share in ancestral joint family land under amended Hindu Succession provisions. Brothers claimed prior oral partition. High Court held that oral partition without registered documentation does not defeat statutory equal coparcenary rights. Ruling: Rejected.,Rejected,True
SYN_LAN_0162,land_dispute,encroachments,Supreme Court,Synthetic Case: Village Panchayat instituted eviction proceedings against unauthorized construction on community grazing land (Gauchar). Encroacher claimed long-standing occupation. Supreme Court held community pasture land cannot be alienated or regularized and affirmed eviction orders. Ruling: Partial.,Partial,True
SYN_LAN_0163,land_dispute,adverse_possession,District Court,"Synthetic Case: Occupant claimed ownership over a residential plot through adverse possession, demonstrating continuous, peaceful, and open occupation for over 15 years without owner interruption. District Court evaluated hostile possession requirements and declared title. Ruling: Accepted.",Accepted,True
SYN_LAN_0164,land_dispute,government_land_allotment,High Court,Synthetic Case: Allotment of agricultural land patta to a landless worker was cancelled by local authorities without issuing a show-cause notice. High Court quashed the cancellation for violating natural justice principles and restored the patta allotment. Ruling: Rejected.,Rejected,True
SYN_LAN_0165,land_dispute,easementary_rights_way,Supreme Court,Synthetic Case: Farm owner sought injunction against neighbor blocking traditional passage road connecting inner field plot to main cart track. Supreme Court verified continuous prescription use for over 20 years and granted permanent easementary right of way. Ruling: Partial.,Partial,True
SYN_LAN_0166,land_dispute,mortgage_redemption_dispute,District Court,Synthetic Case: Mortgagor filed suit for redemption of usufructuary mortgage over 12 bighas of farmland upon full repayment of principal debt to moneylender. District Court directed possession restoration and mortgage deed discharge. Ruling: Accepted.,Accepted,True
SYN_LAN_0167,land_dispute,revenue_mutation_record_correction,High Court,Synthetic Case: Petitioner challenged fraudulent mutation entry recorded in favor of third party in village revenue records (Khasra/Khatauni). High Court set aside erroneous revenue entry and directed correction based on registered title documents. Ruling: Rejected.,Rejected,True
SYN_LAN_0168,land_dispute,common_pasture_gauchar_dispute,Supreme Court,Synthetic Case: Residents challenged illegal conversion of village common pasture land into commercial allotment by local administrative committee. Supreme Court re-affirmed public trust doctrine regarding common village assets and quashed commercial allotment. Ruling: Partial.,Partial,True
SYN_LAN_0169,land_dispute,land_ceiling_excess_surrender,District Court,Synthetic Case: Large landholder challenged state ceiling proceedings classifying surplus agricultural holdings for redistribution to landless families. District Court verified statutory ceiling limits and upheld surplus land declaration. Ruling: Accepted.,Accepted,True
SYN_LAN_0170,land_dispute,title_disputes,High Court,"Synthetic Case: Plaintiff claimed sole title over 2.5 acres of ancestral agricultural land based on an unregistered family partition deed, whereas defendant produced a registered sale deed from a co-sharer. High Court adjudicated title validity by applying registration requirements and revenue record entries. Ruling: Rejected.",Rejected,True
SYN_LAN_0171,land_dispute,land_acquisition_compensation,Supreme Court,"Synthetic Case: Landowners challenged compensation awarded for highway land acquisition, contending that agricultural classification ignored nearby commercial development potential. Supreme Court reassessed land valuation based on recent comparative sale exemplars and enhanced compensation. Ruling: Partial.",Partial,True
SYN_LAN_0172,land_dispute,tenancy_eviction,District Court,Synthetic Case: Landlord sought eviction of agricultural tenant on grounds of non-payment of crop share. Tenant produced proof of severe drought declaration and statutory protection under rural tenancy legislation. District Court dismissed eviction prayer while structuring rent deferment. Ruling: Accepted.,Accepted,True
SYN_LAN_0173,land_dispute,boundary_disputes,High Court,Synthetic Case: Adjoining landholders disputed a boundary buffer strip of 4.0 acres. Total station survey conducted by the revenue surveyor was submitted as evidence. High Court accepted official revenue boundary survey and directed physical demarcation with boundary pillars. Ruling: Rejected.,Rejected,True
SYN_LAN_0174,land_dispute,inheritance_partition,Supreme Court,Synthetic Case: Daughter filed suit for partition claiming equal share in ancestral joint family land under amended Hindu Succession provisions. Brothers claimed prior oral partition. Supreme Court held that oral partition without registered documentation does not defeat statutory equal coparcenary rights. Ruling: Partial.,Partial,True
SYN_LAN_0175,land_dispute,encroachments,District Court,Synthetic Case: Village Panchayat instituted eviction proceedings against unauthorized construction on community grazing land (Gauchar). Encroacher claimed long-standing occupation. District Court held community pasture land cannot be alienated or regularized and affirmed eviction orders. Ruling: Accepted.,Accepted,True
SYN_LAN_0176,land_dispute,adverse_possession,High Court,"Synthetic Case: Occupant claimed ownership over a residential plot through adverse possession, demonstrating continuous, peaceful, and open occupation for over 15 years without owner interruption. High Court evaluated hostile possession requirements and declared title. Ruling: Rejected.",Rejected,True
SYN_LAN_0177,land_dispute,government_land_allotment,Supreme Court,Synthetic Case: Allotment of agricultural land patta to a landless worker was cancelled by local authorities without issuing a show-cause notice. Supreme Court quashed the cancellation for violating natural justice principles and restored the patta allotment. Ruling: Partial.,Partial,True
SYN_LAN_0178,land_dispute,easementary_rights_way,District Court,Synthetic Case: Farm owner sought injunction against neighbor blocking traditional passage road connecting inner field plot to main cart track. District Court verified continuous prescription use for over 20 years and granted permanent easementary right of way. Ruling: Accepted.,Accepted,True
SYN_LAN_0179,land_dispute,mortgage_redemption_dispute,High Court,Synthetic Case: Mortgagor filed suit for redemption of usufructuary mortgage over 2.0 bighas of farmland upon full repayment of principal debt to moneylender. High Court directed possession restoration and mortgage deed discharge. Ruling: Rejected.,Rejected,True
SYN_LAN_0180,land_dispute,revenue_mutation_record_correction,Supreme Court,Synthetic Case: Petitioner challenged fraudulent mutation entry recorded in favor of third party in village revenue records (Khasra/Khatauni). Supreme Court set aside erroneous revenue entry and directed correction based on registered title documents. Ruling: Partial.,Partial,True
SYN_LAN_0181,land_dispute,common_pasture_gauchar_dispute,District Court,Synthetic Case: Residents challenged illegal conversion of village common pasture land into commercial allotment by local administrative committee. District Court re-affirmed public trust doctrine regarding common village assets and quashed commercial allotment. Ruling: Accepted.,Accepted,True
SYN_LAN_0182,land_dispute,land_ceiling_excess_surrender,High Court,Synthetic Case: Large landholder challenged state ceiling proceedings classifying surplus agricultural holdings for redistribution to landless families. High Court verified statutory ceiling limits and upheld surplus land declaration. Ruling: Rejected.,Rejected,True
SYN_LAN_0183,land_dispute,title_disputes,Supreme Court,"Synthetic Case: Plaintiff claimed sole title over 2.5 acres of ancestral agricultural land based on an unregistered family partition deed, whereas defendant produced a registered sale deed from a co-sharer. Supreme Court adjudicated title validity by applying registration requirements and revenue record entries. Ruling: Partial.",Partial,True
SYN_LAN_0184,land_dispute,land_acquisition_compensation,District Court,"Synthetic Case: Landowners challenged compensation awarded for highway land acquisition, contending that agricultural classification ignored nearby commercial development potential. District Court reassessed land valuation based on recent comparative sale exemplars and enhanced compensation. Ruling: Accepted.",Accepted,True
SYN_LAN_0185,land_dispute,tenancy_eviction,High Court,Synthetic Case: Landlord sought eviction of agricultural tenant on grounds of non-payment of crop share. Tenant produced proof of severe drought declaration and statutory protection under rural tenancy legislation. High Court dismissed eviction prayer while structuring rent deferment. Ruling: Rejected.,Rejected,True
SYN_LAN_0186,land_dispute,boundary_disputes,Supreme Court,Synthetic Case: Adjoining landholders disputed a boundary buffer strip of 12 bighas. Total station survey conducted by the revenue surveyor was submitted as evidence. Supreme Court accepted official revenue boundary survey and directed physical demarcation with boundary pillars. Ruling: Partial.,Partial,True
SYN_LAN_0187,land_dispute,inheritance_partition,District Court,Synthetic Case: Daughter filed suit for partition claiming equal share in ancestral joint family land under amended Hindu Succession provisions. Brothers claimed prior oral partition. District Court held that oral partition without registered documentation does not defeat statutory equal coparcenary rights. Ruling: Accepted.,Accepted,True
SYN_LAN_0188,land_dispute,encroachments,High Court,Synthetic Case: Village Panchayat instituted eviction proceedings against unauthorized construction on community grazing land (Gauchar). Encroacher claimed long-standing occupation. High Court held community pasture land cannot be alienated or regularized and affirmed eviction orders. Ruling: Rejected.,Rejected,True
SYN_LAN_0189,land_dispute,adverse_possession,Supreme Court,"Synthetic Case: Occupant claimed ownership over a residential plot through adverse possession, demonstrating continuous, peaceful, and open occupation for over 15 years without owner interruption. Supreme Court evaluated hostile possession requirements and declared title. Ruling: Partial.",Partial,True
SYN_LAN_0190,land_dispute,government_land_allotment,District Court,Synthetic Case: Allotment of agricultural land patta to a landless worker was cancelled by local authorities without issuing a show-cause notice. District Court quashed the cancellation for violating natural justice principles and restored the patta allotment. Ruling: Accepted.,Accepted,True
SYN_LAN_0191,land_dispute,easementary_rights_way,High Court,Synthetic Case: Farm owner sought injunction against neighbor blocking traditional passage road connecting inner field plot to main cart track. High Court verified continuous prescription use for over 20 years and granted permanent easementary right of way. Ruling: Rejected.,Rejected,True
SYN_LAN_0192,land_dispute,mortgage_redemption_dispute,Supreme Court,Synthetic Case: Mortgagor filed suit for redemption of usufructuary mortgage over 5 bighas of farmland upon full repayment of principal debt to moneylender. Supreme Court directed possession restoration and mortgage deed discharge. Ruling: Partial.,Partial,True
SYN_LAN_0193,land_dispute,revenue_mutation_record_correction,District Court,Synthetic Case: Petitioner challenged fraudulent mutation entry recorded in favor of third party in village revenue records (Khasra/Khatauni). District Court set aside erroneous revenue entry and directed correction based on registered title documents. Ruling: Accepted.,Accepted,True
SYN_LAN_0194,land_dispute,common_pasture_gauchar_dispute,High Court,Synthetic Case: Residents challenged illegal conversion of village common pasture land into commercial allotment by local administrative committee. High Court re-affirmed public trust doctrine regarding common village assets and quashed commercial allotment. Ruling: Rejected.,Rejected,True
SYN_LAN_0195,land_dispute,land_ceiling_excess_surrender,Supreme Court,Synthetic Case: Large landholder challenged state ceiling proceedings classifying surplus agricultural holdings for redistribution to landless families. Supreme Court verified statutory ceiling limits and upheld surplus land declaration. Ruling: Partial.,Partial,True
SYN_LAN_0196,land_dispute,title_disputes,District Court,"Synthetic Case: Plaintiff claimed sole title over 0.8 acres of ancestral agricultural land based on an unregistered family partition deed, whereas defendant produced a registered sale deed from a co-sharer. District Court adjudicated title validity by applying registration requirements and revenue record entries. Ruling: Accepted.",Accepted,True
SYN_LAN_0197,land_dispute,land_acquisition_compensation,High Court,"Synthetic Case: Landowners challenged compensation awarded for highway land acquisition, contending that agricultural classification ignored nearby commercial development potential. High Court reassessed land valuation based on recent comparative sale exemplars and enhanced compensation. Ruling: Rejected.",Rejected,True
SYN_LAN_0198,land_dispute,tenancy_eviction,Supreme Court,Synthetic Case: Landlord sought eviction of agricultural tenant on grounds of non-payment of crop share. Tenant produced proof of severe drought declaration and statutory protection under rural tenancy legislation. Supreme Court dismissed eviction prayer while structuring rent deferment. Ruling: Partial.,Partial,True
SYN_LAN_0199,land_dispute,boundary_disputes,District Court,Synthetic Case: Adjoining landholders disputed a boundary buffer strip of 5 bighas. Total station survey conducted by the revenue surveyor was submitted as evidence. District Court accepted official revenue boundary survey and directed physical demarcation with boundary pillars. Ruling: Accepted.,Accepted,True
SYN_LAN_0200,land_dispute,inheritance_partition,High Court,Synthetic Case: Daughter filed suit for partition claiming equal share in ancestral joint family land under amended Hindu Succession provisions. Brothers claimed prior oral partition. High Court held that oral partition without registered documentation does not defeat statutory equal coparcenary rights. Ruling: Rejected.,Rejected,True
SYN_LAN_0201,land_dispute,encroachments,Supreme Court,Synthetic Case: Village Panchayat instituted eviction proceedings against unauthorized construction on community grazing land (Gauchar). Encroacher claimed long-standing occupation. Supreme Court held community pasture land cannot be alienated or regularized and affirmed eviction orders. Ruling: Partial.,Partial,True
SYN_LAN_0202,land_dispute,adverse_possession,District Court,"Synthetic Case: Occupant claimed ownership over a residential plot through adverse possession, demonstrating continuous, peaceful, and open occupation for over 15 years without owner interruption. District Court evaluated hostile possession requirements and declared title. Ruling: Accepted.",Accepted,True
SYN_LAN_0203,land_dispute,government_land_allotment,High Court,Synthetic Case: Allotment of agricultural land patta to a landless worker was cancelled by local authorities without issuing a show-cause notice. High Court quashed the cancellation for violating natural justice principles and restored the patta allotment. Ruling: Rejected.,Rejected,True
SYN_LAN_0204,land_dispute,easementary_rights_way,Supreme Court,Synthetic Case: Farm owner sought injunction against neighbor blocking traditional passage road connecting inner field plot to main cart track. Supreme Court verified continuous prescription use for over 20 years and granted permanent easementary right of way. Ruling: Partial.,Partial,True
SYN_LAN_0205,land_dispute,mortgage_redemption_dispute,District Court,Synthetic Case: Mortgagor filed suit for redemption of usufructuary mortgage over 12 bighas of farmland upon full repayment of principal debt to moneylender. District Court directed possession restoration and mortgage deed discharge. Ruling: Accepted.,Accepted,True
SYN_LAN_0206,land_dispute,revenue_mutation_record_correction,High Court,Synthetic Case: Petitioner challenged fraudulent mutation entry recorded in favor of third party in village revenue records (Khasra/Khatauni). High Court set aside erroneous revenue entry and directed correction based on registered title documents. Ruling: Rejected.,Rejected,True
SYN_LAN_0207,land_dispute,common_pasture_gauchar_dispute,Supreme Court,Synthetic Case: Residents challenged illegal conversion of village common pasture land into commercial allotment by local administrative committee. Supreme Court re-affirmed public trust doctrine regarding common village assets and quashed commercial allotment. Ruling: Partial.,Partial,True
SYN_LAN_0208,land_dispute,land_ceiling_excess_surrender,District Court,Synthetic Case: Large landholder challenged state ceiling proceedings classifying surplus agricultural holdings for redistribution to landless families. District Court verified statutory ceiling limits and upheld surplus land declaration. Ruling: Accepted.,Accepted,True
SYN_LAN_0209,land_dispute,title_disputes,High Court,"Synthetic Case: Plaintiff claimed sole title over 12 bighas of ancestral agricultural land based on an unregistered family partition deed, whereas defendant produced a registered sale deed from a co-sharer. High Court adjudicated title validity by applying registration requirements and revenue record entries. Ruling: Rejected.",Rejected,True
SYN_LAN_0210,land_dispute,land_acquisition_compensation,Supreme Court,"Synthetic Case: Landowners challenged compensation awarded for highway land acquisition, contending that agricultural classification ignored nearby commercial development potential. Supreme Court reassessed land valuation based on recent comparative sale exemplars and enhanced compensation. Ruling: Partial.",Partial,True
SYN_LAN_0211,land_dispute,tenancy_eviction,District Court,Synthetic Case: Landlord sought eviction of agricultural tenant on grounds of non-payment of crop share. Tenant produced proof of severe drought declaration and statutory protection under rural tenancy legislation. District Court dismissed eviction prayer while structuring rent deferment. Ruling: Accepted.,Accepted,True
SYN_LAN_0212,land_dispute,boundary_disputes,High Court,Synthetic Case: Adjoining landholders disputed a boundary buffer strip of 4.0 acres. Total station survey conducted by the revenue surveyor was submitted as evidence. High Court accepted official revenue boundary survey and directed physical demarcation with boundary pillars. Ruling: Rejected.,Rejected,True
SYN_LAN_0213,land_dispute,inheritance_partition,Supreme Court,Synthetic Case: Daughter filed suit for partition claiming equal share in ancestral joint family land under amended Hindu Succession provisions. Brothers claimed prior oral partition. Supreme Court held that oral partition without registered documentation does not defeat statutory equal coparcenary rights. Ruling: Partial.,Partial,True
SYN_LAN_0214,land_dispute,encroachments,District Court,Synthetic Case: Village Panchayat instituted eviction proceedings against unauthorized construction on community grazing land (Gauchar). Encroacher claimed long-standing occupation. District Court held community pasture land cannot be alienated or regularized and affirmed eviction orders. Ruling: Accepted.,Accepted,True
SYN_LAN_0215,land_dispute,adverse_possession,High Court,"Synthetic Case: Occupant claimed ownership over a residential plot through adverse possession, demonstrating continuous, peaceful, and open occupation for over 15 years without owner interruption. High Court evaluated hostile possession requirements and declared title. Ruling: Rejected.",Rejected,True
SYN_LAN_0216,land_dispute,government_land_allotment,Supreme Court,Synthetic Case: Allotment of agricultural land patta to a landless worker was cancelled by local authorities without issuing a show-cause notice. Supreme Court quashed the cancellation for violating natural justice principles and restored the patta allotment. Ruling: Partial.,Partial,True
SYN_LAN_0217,land_dispute,easementary_rights_way,District Court,Synthetic Case: Farm owner sought injunction against neighbor blocking traditional passage road connecting inner field plot to main cart track. District Court verified continuous prescription use for over 20 years and granted permanent easementary right of way. Ruling: Accepted.,Accepted,True
SYN_LAN_0218,land_dispute,mortgage_redemption_dispute,High Court,Synthetic Case: Mortgagor filed suit for redemption of usufructuary mortgage over 2.5 acres of farmland upon full repayment of principal debt to moneylender. High Court directed possession restoration and mortgage deed discharge. Ruling: Rejected.,Rejected,True
SYN_LAN_0219,land_dispute,revenue_mutation_record_correction,Supreme Court,Synthetic Case: Petitioner challenged fraudulent mutation entry recorded in favor of third party in village revenue records (Khasra/Khatauni). Supreme Court set aside erroneous revenue entry and directed correction based on registered title documents. Ruling: Partial.,Partial,True
SYN_LAN_0220,land_dispute,common_pasture_gauchar_dispute,District Court,Synthetic Case: Residents challenged illegal conversion of village common pasture land into commercial allotment by local administrative committee. District Court re-affirmed public trust doctrine regarding common village assets and quashed commercial allotment. Ruling: Accepted.,Accepted,True
SYN_LAN_0221,land_dispute,land_ceiling_excess_surrender,High Court,Synthetic Case: Large landholder challenged state ceiling proceedings classifying surplus agricultural holdings for redistribution to landless families. High Court verified statutory ceiling limits and upheld surplus land declaration. Ruling: Rejected.,Rejected,True
SYN_LAN_0222,land_dispute,title_disputes,Supreme Court,"Synthetic Case: Plaintiff claimed sole title over 0.8 acres of ancestral agricultural land based on an unregistered family partition deed, whereas defendant produced a registered sale deed from a co-sharer. Supreme Court adjudicated title validity by applying registration requirements and revenue record entries. Ruling: Partial.",Partial,True
SYN_LAN_0223,land_dispute,land_acquisition_compensation,District Court,"Synthetic Case: Landowners challenged compensation awarded for highway land acquisition, contending that agricultural classification ignored nearby commercial development potential. District Court reassessed land valuation based on recent comparative sale exemplars and enhanced compensation. Ruling: Accepted.",Accepted,True
SYN_LAN_0224,land_dispute,tenancy_eviction,High Court,Synthetic Case: Landlord sought eviction of agricultural tenant on grounds of non-payment of crop share. Tenant produced proof of severe drought declaration and statutory protection under rural tenancy legislation. High Court dismissed eviction prayer while structuring rent deferment. Ruling: Rejected.,Rejected,True
SYN_LAN_0225,land_dispute,boundary_disputes,Supreme Court,Synthetic Case: Adjoining landholders disputed a boundary buffer strip of 4.0 acres. Total station survey conducted by the revenue surveyor was submitted as evidence. Supreme Court accepted official revenue boundary survey and directed physical demarcation with boundary pillars. Ruling: Partial.,Partial,True
SYN_LAN_0226,land_dispute,inheritance_partition,District Court,Synthetic Case: Daughter filed suit for partition claiming equal share in ancestral joint family land under amended Hindu Succession provisions. Brothers claimed prior oral partition. District Court held that oral partition without registered documentation does not defeat statutory equal coparcenary rights. Ruling: Accepted.,Accepted,True
SYN_LAN_0227,land_dispute,encroachments,High Court,Synthetic Case: Village Panchayat instituted eviction proceedings against unauthorized construction on community grazing land (Gauchar). Encroacher claimed long-standing occupation. High Court held community pasture land cannot be alienated or regularized and affirmed eviction orders. Ruling: Rejected.,Rejected,True
SYN_LAN_0228,land_dispute,adverse_possession,Supreme Court,"Synthetic Case: Occupant claimed ownership over a residential plot through adverse possession, demonstrating continuous, peaceful, and open occupation for over 15 years without owner interruption. Supreme Court evaluated hostile possession requirements and declared title. Ruling: Partial.",Partial,True
SYN_LAN_0229,land_dispute,government_land_allotment,District Court,Synthetic Case: Allotment of agricultural land patta to a landless worker was cancelled by local authorities without issuing a show-cause notice. District Court quashed the cancellation for violating natural justice principles and restored the patta allotment. Ruling: Accepted.,Accepted,True
SYN_LAN_0230,land_dispute,easementary_rights_way,High Court,Synthetic Case: Farm owner sought injunction against neighbor blocking traditional passage road connecting inner field plot to main cart track. High Court verified continuous prescription use for over 20 years and granted permanent easementary right of way. Ruling: Rejected.,Rejected,True
SYN_LAN_0231,land_dispute,mortgage_redemption_dispute,Supreme Court,Synthetic Case: Mortgagor filed suit for redemption of usufructuary mortgage over 1.2 acres of farmland upon full repayment of principal debt to moneylender. Supreme Court directed possession restoration and mortgage deed discharge. Ruling: Partial.,Partial,True
SYN_LAN_0232,land_dispute,revenue_mutation_record_correction,District Court,Synthetic Case: Petitioner challenged fraudulent mutation entry recorded in favor of third party in village revenue records (Khasra/Khatauni). District Court set aside erroneous revenue entry and directed correction based on registered title documents. Ruling: Accepted.,Accepted,True
SYN_LAN_0233,land_dispute,common_pasture_gauchar_dispute,High Court,Synthetic Case: Residents challenged illegal conversion of village common pasture land into commercial allotment by local administrative committee. High Court re-affirmed public trust doctrine regarding common village assets and quashed commercial allotment. Ruling: Rejected.,Rejected,True
SYN_LAN_0234,land_dispute,land_ceiling_excess_surrender,Supreme Court,Synthetic Case: Large landholder challenged state ceiling proceedings classifying surplus agricultural holdings for redistribution to landless families. Supreme Court verified statutory ceiling limits and upheld surplus land declaration. Ruling: Partial.,Partial,True
SYN_LAN_0235,land_dispute,title_disputes,District Court,"Synthetic Case: Plaintiff claimed sole title over 0.8 acres of ancestral agricultural land based on an unregistered family partition deed, whereas defendant produced a registered sale deed from a co-sharer. District Court adjudicated title validity by applying registration requirements and revenue record entries. Ruling: Accepted.",Accepted,True
SYN_LAN_0236,land_dispute,land_acquisition_compensation,High Court,"Synthetic Case: Landowners challenged compensation awarded for highway land acquisition, contending that agricultural classification ignored nearby commercial development potential. High Court reassessed land valuation based on recent comparative sale exemplars and enhanced compensation. Ruling: Rejected.",Rejected,True
SYN_LAN_0237,land_dispute,tenancy_eviction,Supreme Court,Synthetic Case: Landlord sought eviction of agricultural tenant on grounds of non-payment of crop share. Tenant produced proof of severe drought declaration and statutory protection under rural tenancy legislation. Supreme Court dismissed eviction prayer while structuring rent deferment. Ruling: Partial.,Partial,True
SYN_LAN_0238,land_dispute,boundary_disputes,District Court,Synthetic Case: Adjoining landholders disputed a boundary buffer strip of 5 bighas. Total station survey conducted by the revenue surveyor was submitted as evidence. District Court accepted official revenue boundary survey and directed physical demarcation with boundary pillars. Ruling: Accepted.,Accepted,True
SYN_LAN_0239,land_dispute,inheritance_partition,High Court,Synthetic Case: Daughter filed suit for partition claiming equal share in ancestral joint family land under amended Hindu Succession provisions. Brothers claimed prior oral partition. High Court held that oral partition without registered documentation does not defeat statutory equal coparcenary rights. Ruling: Rejected.,Rejected,True
SYN_LAN_0240,land_dispute,encroachments,Supreme Court,Synthetic Case: Village Panchayat instituted eviction proceedings against unauthorized construction on community grazing land (Gauchar). Encroacher claimed long-standing occupation. Supreme Court held community pasture land cannot be alienated or regularized and affirmed eviction orders. Ruling: Partial.,Partial,True
SYN_LAN_0241,land_dispute,adverse_possession,District Court,"Synthetic Case: Occupant claimed ownership over a residential plot through adverse possession, demonstrating continuous, peaceful, and open occupation for over 15 years without owner interruption. District Court evaluated hostile possession requirements and declared title. Ruling: Accepted.",Accepted,True
SYN_LAN_0242,land_dispute,government_land_allotment,High Court,Synthetic Case: Allotment of agricultural land patta to a landless worker was cancelled by local authorities without issuing a show-cause notice. High Court quashed the cancellation for violating natural justice principles and restored the patta allotment. Ruling: Rejected.,Rejected,True
SYN_LAN_0243,land_dispute,easementary_rights_way,Supreme Court,Synthetic Case: Farm owner sought injunction against neighbor blocking traditional passage road connecting inner field plot to main cart track. Supreme Court verified continuous prescription use for over 20 years and granted permanent easementary right of way. Ruling: Partial.,Partial,True
SYN_LAN_0244,land_dispute,mortgage_redemption_dispute,District Court,Synthetic Case: Mortgagor filed suit for redemption of usufructuary mortgage over 3.5 acres of farmland upon full repayment of principal debt to moneylender. District Court directed possession restoration and mortgage deed discharge. Ruling: Accepted.,Accepted,True
SYN_LAN_0245,land_dispute,revenue_mutation_record_correction,High Court,Synthetic Case: Petitioner challenged fraudulent mutation entry recorded in favor of third party in village revenue records (Khasra/Khatauni). High Court set aside erroneous revenue entry and directed correction based on registered title documents. Ruling: Rejected.,Rejected,True
SYN_LAN_0246,land_dispute,common_pasture_gauchar_dispute,Supreme Court,Synthetic Case: Residents challenged illegal conversion of village common pasture land into commercial allotment by local administrative committee. Supreme Court re-affirmed public trust doctrine regarding common village assets and quashed commercial allotment. Ruling: Partial.,Partial,True
SYN_LAN_0247,land_dispute,land_ceiling_excess_surrender,District Court,Synthetic Case: Large landholder challenged state ceiling proceedings classifying surplus agricultural holdings for redistribution to landless families. District Court verified statutory ceiling limits and upheld surplus land declaration. Ruling: Accepted.,Accepted,True
SYN_LAN_0248,land_dispute,title_disputes,High Court,"Synthetic Case: Plaintiff claimed sole title over 0.8 acres of ancestral agricultural land based on an unregistered family partition deed, whereas defendant produced a registered sale deed from a co-sharer. High Court adjudicated title validity by applying registration requirements and revenue record entries. Ruling: Rejected.",Rejected,True
SYN_LAN_0249,land_dispute,land_acquisition_compensation,Supreme Court,"Synthetic Case: Landowners challenged compensation awarded for highway land acquisition, contending that agricultural classification ignored nearby commercial development potential. Supreme Court reassessed land valuation based on recent comparative sale exemplars and enhanced compensation. Ruling: Partial.",Partial,True
SYN_LAN_0250,land_dispute,tenancy_eviction,District Court,Synthetic Case: Landlord sought eviction of agricultural tenant on grounds of non-payment of crop share. Tenant produced proof of severe drought declaration and statutory protection under rural tenancy legislation. District Court dismissed eviction prayer while structuring rent deferment. Ruling: Accepted.,Accepted,True
